"GEOID","County_fips","NAME","County","Region","MedianRentE","MedianRentM","MedianTaxesE","MedianTaxesM","MedianIncomeE","MedianIncomeM","PercRentBurdenE","PercRentBurdenM","Total_PopE","Total_PopM","Undergrad_PopE","Undergrad_PopM","Grad_PopE","Grad_PopM","RentTaxRatio","RentTaxRatioMOE","Perc_StudentsE","Perc_StudentsM"
"51540000201","540","Census Tract 2.01, Charlottesville city, Virginia","Charlottesville","Charlottesville",1444,111,1946,655,45640,11010,36.7,9,2794,402,597,202,303,138,0.742034943473792,0.256190573775853,32.21,84.58
"51540000202","540","Census Tract 2.02, Charlottesville city, Virginia","Charlottesville","Charlottesville",1228,187,1826,129,23478,5620,48.6,10.9,5649,664,2886,377,525,290,0.672508214676889,0.112893532870778,60.38,100.45
"51540000302","540","Census Tract 3.02, Charlottesville city, Virginia","Charlottesville","Charlottesville",1201,140,3228,368,49860,13402,29,6.3,3071,563,91,59,27,27,0.372057001239157,0.0606635709546904,3.84,15.28
"51540000401","540","Census Tract 4.01, Charlottesville city, Virginia","Charlottesville","Charlottesville",679,115,2526,305,22377,17526,32.5,7,4133,508,150,98,19,20,0.268804433887569,0.0559114906757269,4.09,23.23
"51540000402","540","Census Tract 4.02, Charlottesville city, Virginia","Charlottesville","Charlottesville",965,110,2364,398,37500,15590,31.3,5.7,4086,398,196,121,40,54,0.408206429780034,0.0829958001014261,5.78,43.97
"51540000501","540","Census Tract 5.01, Charlottesville city, Virginia","Charlottesville","Charlottesville",1160,100,1858,219,30821,9421,38.8,13,4307,463,226,139,365,140,0.624327233584499,0.0911702769631416,13.72,60.26
"51540000502","540","Census Tract 5.02, Charlottesville city, Virginia","Charlottesville","Charlottesville",1285,121,2812,402,70677,34771,21.4,4.6,4910,536,147,71,156,83,0.45697012802276,0.0782259640913393,6.17,28.73
"51540000600","540","Census Tract 6, Charlottesville city, Virginia","Charlottesville","Charlottesville",1161,54,1985,619,21963,2422,47.8,16.1,3462,336,2087,282,402,225,0.584886649874055,0.184407964783831,71.89,150.89
"51540000700","540","Census Tract 7, Charlottesville city, Virginia","Charlottesville","Charlottesville",994,133,4673,532,28144,7810,39.9,13.2,4417,381,1223,170,596,174,0.212711320350952,0.0373694445473563,41.18,90.29
"51540000800","540","Census Tract 8, Charlottesville city, Virginia","Charlottesville","Charlottesville",911,151,3184,211,42708,25353,25.5,41.8,3315,358,66,60,68,51,0.286118090452261,0.0510744906702325,4.04,31.01
"51540000900","540","Census Tract 9, Charlottesville city, Virginia","Charlottesville","Charlottesville",1294,212,2717,169,59659,25763,25.9,2.7,2086,264,94,58,10,16,0.476260581523739,0.083461505254361,4.99,28.03
"51540001000","540","Census Tract 10, Charlottesville city, Virginia","Charlottesville","Charlottesville",1377,203,5242,1752,81397,60341,20.8,7.5,3569,649,30,27,163,90,0.262685997710797,0.0959572305779285,5.41,18.03
"51041100106","041","Census Tract 1001.06, Chesterfield County, Virginia","Chesterfield","Richmond",1444,1005,2565,281,NA,NA,25.4,3.5,3717,764,102,82,22,26,0.562962962962963,0.396637044792195,3.34,14.14
"51041100107","041","Census Tract 1001.07, Chesterfield County, Virginia","Chesterfield","Richmond",1175,75,913,708,46222,7982,31.7,4,2340,553,199,178,10,13,1.28696604600219,1.00137287412989,8.93,34.54
"51041100206","041","Census Tract 1002.06, Chesterfield County, Virginia","Chesterfield","Richmond",1182,246,1673,238,54615,39598,25.1,18.4,6150,916,309,218,106,76,0.706515242080096,0.178109726393065,6.75,32.1
"51041100208","041","Census Tract 1002.08, Chesterfield County, Virginia","Chesterfield","Richmond",2021,1074,2389,257,NA,NA,51,NA,2143,224,30,28,44,28,0.845960652992884,0.458679203835645,3.45,25
"51041100209","041","Census Tract 1002.09, Chesterfield County, Virginia","Chesterfield","Richmond",1149,65,1694,268,44732,30794,27.8,5.2,6680,1070,230,136,91,79,0.67827626918536,0.113960967678991,4.81,20.09
"51041100210","041","Census Tract 1002.10, Chesterfield County, Virginia","Chesterfield","Richmond",1310,76,1307,223,64952,17665,23.6,4.6,1842,282,86,68,27,37,1.00229533282326,0.180627042269963,6.13,37.23
"51041100211","041","Census Tract 1002.11, Chesterfield County, Virginia","Chesterfield","Richmond",980,115,1300,156,36618,27786,30.8,9.4,3228,669,146,119,18,30,0.753846153846154,0.126525624787276,5.08,22.27
"51041100212","041","Census Tract 1002.12, Chesterfield County, Virginia","Chesterfield","Richmond",1154,87,1278,86,34696,7856,39,8.9,5541,1020,423,201,0,18,0.902973395931142,0.091249222699814,7.63,21.47
"51041100300","041","Census Tract 1003, Chesterfield County, Virginia","Chesterfield","Richmond",1059,85,1189,150,35906,3959,38.5,6.1,2854,463,120,71,14,19,0.890664423885618,0.133176878469978,4.7,19.44
"51041100403","041","Census Tract 1004.03, Chesterfield County, Virginia","Chesterfield","Richmond",1296,109,2680,519,56886,13451,27.2,6.8,5662,744,349,137,170,88,0.483582089552239,0.102099473968796,9.17,30.24
"51041100404","041","Census Tract 1004.04, Chesterfield County, Virginia","Chesterfield","Richmond",780,61,1243,424,32014,8609,28.3,2.9,2315,509,55,32,15,19,0.627514078841512,0.219605024960201,3.02,10.02
"51041100405","041","Census Tract 1004.05, Chesterfield County, Virginia","Chesterfield","Richmond",1057,59,1392,96,39477,4012,30,6.3,2098,210,94,58,16,24,0.75933908045977,0.0673715278999931,5.24,39.05
"51041100406","041","Census Tract 1004.06, Chesterfield County, Virginia","Chesterfield","Richmond",863,101,1339,183,25861,7305,46.7,6.8,1614,262,112,91,5,8,0.644510828976848,0.115967760697016,7.25,37.79
"51041100407","041","Census Tract 1004.07, Chesterfield County, Virginia","Chesterfield","Richmond",1367,115,1046,221,64896,17208,23.9,9.5,4001,766,233,182,84,81,1.30688336520076,0.297202762032393,7.92,34.33
"51041100409","041","Census Tract 1004.09, Chesterfield County, Virginia","Chesterfield","Richmond",1314,149,1779,66,63783,12306,26.3,5.3,6400,875,302,145,142,80,0.738617200674536,0.0881236276976819,6.94,25.71
"51041100410","041","Census Tract 1004.10, Chesterfield County, Virginia","Chesterfield","Richmond",1130,61,1836,280,28092,8811,41.2,11.7,2141,301,39,34,48,41,0.615468409586057,0.0995690177706122,4.06,24.92
"51041100505","041","Census Tract 1005.05, Chesterfield County, Virginia","Chesterfield","Richmond",1319,133,1939,194,52038,30883,32.2,11.8,5559,892,230,137,72,70,0.680247550283651,0.0966282146035031,5.43,23.21
"51041100506","041","Census Tract 1005.06, Chesterfield County, Virginia","Chesterfield","Richmond",1255,519,1915,448,38622,9899,36.2,5.4,6088,777,391,249,37,57,0.655352480417755,0.311378138800636,7.03,39.38
"51041100507","041","Census Tract 1005.07, Chesterfield County, Virginia","Chesterfield","Richmond",1349,117,2473,152,46837,23701,35.4,7,6900,962,316,127,134,94,0.545491306105944,0.0579866518151105,6.52,22.97
"51041100508","041","Census Tract 1005.08, Chesterfield County, Virginia","Chesterfield","Richmond",1140,56,1506,179,66175,27134,18.8,3.4,5328,864,68,46,96,70,0.756972111553785,0.097353355932781,3.08,13.43
"51041100509","041","Census Tract 1005.09, Chesterfield County, Virginia","Chesterfield","Richmond",1812,887,2520,149,84539,54985,30.2,11.3,6576,934,593,338,120,129,0.719047619047619,0.354542466900277,10.84,50
"51041100510","041","Census Tract 1005.10, Chesterfield County, Virginia","Chesterfield","Richmond",1374,99,1573,116,98077,25628,19.4,3,3696,526,65,46,19,29,0.873490146217419,0.0900575992952319,2.27,14.26
"51041100600","041","Census Tract 1006, Chesterfield County, Virginia","Chesterfield","Richmond",1072,87,996,407,38097,4030,32.6,8.2,2728,351,1619,231,28,20,1.07630522088353,0.44840559734447,60.37,71.51
"51041100701","041","Census Tract 1007.01, Chesterfield County, Virginia","Chesterfield","Richmond",1078,192,1235,221,41541,22420,27.4,14.6,5263,820,208,111,83,69,0.872874493927125,0.220380465135584,5.53,21.95
"51041100702","041","Census Tract 1007.02, Chesterfield County, Virginia","Chesterfield","Richmond",1071,344,1583,340,42292,12163,27.5,20.1,1740,217,74,52,7,10,0.676563487049905,0.261417735154687,4.66,28.57
"51041100704","041","Census Tract 1007.04, Chesterfield County, Virginia","Chesterfield","Richmond",1671,859,1962,460,100938,36921,23.4,13.2,4912,757,188,152,24,39,0.851681957186544,0.481204219471135,4.32,25.23
"51041100705","041","Census Tract 1007.05, Chesterfield County, Virginia","Chesterfield","Richmond",NA,NA,2244,685,NA,NA,NA,NA,2372,295,130,67,4,14,NA,NA,5.65,27.46
"51041100804","041","Census Tract 1008.04, Chesterfield County, Virginia","Chesterfield","Richmond",1110,80,1935,177,46827,14149,29.3,8,4231,596,121,65,18,20,0.573643410852713,0.0668034024551043,3.29,14.26
"51041100805","041","Census Tract 1008.05, Chesterfield County, Virginia","Chesterfield","Richmond",1306,234,1557,213,57917,23331,26.1,5.8,5144,1079,228,134,0,18,0.838792549775209,0.189087065505658,4.43,14.09
"51041100806","041","Census Tract 1008.06, Chesterfield County, Virginia","Chesterfield","Richmond",990,106,1189,187,30524,9651,37.1,13.3,3321,303,75,63,43,50,0.832632464255677,0.158418186424234,3.55,37.29
"51041100807","041","Census Tract 1008.07, Chesterfield County, Virginia","Chesterfield","Richmond",1379,184,1605,123,70435,26223,26.6,5.7,1970,434,76,50,0,13,0.859190031152648,0.132205233558039,3.86,14.52
"51041100812","041","Census Tract 1008.12, Chesterfield County, Virginia","Chesterfield","Richmond",1644,381,1986,183,68694,24406,30.1,17,5165,521,208,177,45,54,0.827794561933535,0.206450722573559,4.9,44.34
"51041100814","041","Census Tract 1008.14, Chesterfield County, Virginia","Chesterfield","Richmond",1164,150,1465,142,44375,10680,31.7,3,3481,407,136,78,101,83,0.794539249146758,0.128119401798214,6.81,39.56
"51041100815","041","Census Tract 1008.15, Chesterfield County, Virginia","Chesterfield","Richmond",1513,220,1791,111,85732,51177,27.5,14,6169,1197,236,153,29,25,0.844779452819654,0.133528974095155,4.3,14.87
"51041100816","041","Census Tract 1008.16, Chesterfield County, Virginia","Chesterfield","Richmond",1178,152,1502,116,61507,16558,25.3,5.1,4199,461,155,89,26,34,0.784287616511318,0.117940409419132,4.31,26.68
"51041100817","041","Census Tract 1008.17, Chesterfield County, Virginia","Chesterfield","Richmond",1241,66,1394,128,50040,26920,34.8,10.8,3197,322,131,83,9,14,0.890243902439024,0.0944654065655315,4.38,30.12
"51041100818","041","Census Tract 1008.18, Chesterfield County, Virginia","Chesterfield","Richmond",1546,271,1746,321,91281,12659,18.3,4,4218,771,373,189,30,28,0.88545246277205,0.224924691849273,9.55,28.15
"51041100819","041","Census Tract 1008.19, Chesterfield County, Virginia","Chesterfield","Richmond",1286,190,1739,176,54475,19767,29.6,3.7,5822,768,448,189,70,77,0.739505462909718,0.132434559026173,8.9,34.64
"51041100820","041","Census Tract 1008.20, Chesterfield County, Virginia","Chesterfield","Richmond",1482,303,1729,353,80125,45223,29.7,8.2,3994,1199,281,143,58,59,0.857142857142857,0.247659786506967,8.49,16.85
"51041100821","041","Census Tract 1008.21, Chesterfield County, Virginia","Chesterfield","Richmond",1708,442,2965,376,135625,134925,20.3,12.8,4639,367,341,163,74,49,0.576053962900506,0.166009235665414,8.95,57.77
"51041100822","041","Census Tract 1008.22, Chesterfield County, Virginia","Chesterfield","Richmond",1385,71,2932,316,55568,15277,29.1,7.4,5720,595,381,169,91,72,0.47237380627558,0.0563763304539154,8.25,40.5
"51041100823","041","Census Tract 1008.23, Chesterfield County, Virginia","Chesterfield","Richmond",1324,179,2397,157,65064,24610,22.6,4.7,5187,488,201,119,93,79,0.552357113057989,0.0829788911782648,5.67,40.57
"51041100902","041","Census Tract 1009.02, Chesterfield County, Virginia","Chesterfield","Richmond",1680,133,2594,207,110648,34385,18.4,3,3838,482,161,120,21,20,0.647648419429453,0.0728001975331554,4.74,29.05
"51041100907","041","Census Tract 1009.07, Chesterfield County, Virginia","Chesterfield","Richmond",2807,566,1750,405,NA,NA,51,NA,2305,330,68,50,0,13,1.604,0.49234537219148,2.95,19.09
"51041100910","041","Census Tract 1009.10, Chesterfield County, Virginia","Chesterfield","Richmond",1280,233,1685,113,56154,42698,22.6,17.1,5213,819,206,127,34,32,0.759643916913947,0.147364517604334,4.6,19.41
"51041100912","041","Census Tract 1009.12, Chesterfield County, Virginia","Chesterfield","Richmond",1468,280,2304,137,75270,29905,34.4,19.6,6469,1089,116,83,60,60,0.637152777777778,0.127296382736557,2.72,13.13
"51041100915","041","Census Tract 1009.15, Chesterfield County, Virginia","Chesterfield","Richmond",1333,85,1781,193,65106,17371,24.6,4.5,3606,448,107,68,31,24,0.748455923638405,0.0941071465276489,3.83,20.54
"51041100919","041","Census Tract 1009.19, Chesterfield County, Virginia","Chesterfield","Richmond",1229,124,2083,172,49359,27625,26.5,7,6363,698,152,92,116,75,0.590014402304369,0.0769242660437658,4.21,23.93
"51041100920","041","Census Tract 1009.20, Chesterfield County, Virginia","Chesterfield","Richmond",1327,59,1574,197,63864,10828,24.2,3.1,1602,206,138,74,41,30,0.843074968233799,0.111978417119344,11.17,50.49
"51041100921","041","Census Tract 1009.21, Chesterfield County, Virginia","Chesterfield","Richmond",1397,88,2051,234,58467,2867,28.7,3.6,5767,377,241,137,146,156,0.681131155533886,0.0887686459204682,6.71,77.72
"51041100922","041","Census Tract 1009.22, Chesterfield County, Virginia","Chesterfield","Richmond",1248,367,1890,161,58750,28586,27.4,13.5,4766,539,237,154,43,42,0.66031746031746,0.202162833211986,5.87,36.36
"51041100923","041","Census Tract 1009.23, Chesterfield County, Virginia","Chesterfield","Richmond",1599,206,1985,440,60040,23555,29.5,12.2,2941,928,257,178,52,35,0.805541561712846,0.206526078091003,10.51,22.95
"51109950101","109","Census Tract 9501.01, Louisa County, Virginia","Louisa","Charlottesville",1709,539,2650,831,46964,34062,24.7,16.9,2514,601,61,79,32,53,0.644905660377359,0.286824130872181,3.7,21.96
"51109950102","109","Census Tract 9501.02, Louisa County, Virginia","Louisa","Charlottesville",740,479,1676,164,22143,21618,43,8.5,4611,482,39,47,51,57,0.441527446300716,0.289046680598843,1.95,21.58
"51109950201","109","Census Tract 9502.01, Louisa County, Virginia","Louisa","Charlottesville",875,67,1359,100,34338,12498,31.4,4.9,5387,522,230,112,46,31,0.643855776306107,0.0683752938459784,5.12,27.39
"51109950202","109","Census Tract 9502.02, Louisa County, Virginia","Louisa","Charlottesville",1171,112,1432,200,58250,46250,23.9,8.9,4351,479,107,93,3,5,0.817737430167598,0.138422865361886,2.53,20.46
"51109950301","109","Census Tract 9503.01, Louisa County, Virginia","Louisa","Charlottesville",1592,664,2169,272,125598,106059,25.5,11.1,3485,426,101,86,119,116,0.733978792070078,0.319669689186774,6.31,47.42
"51109950302","109","Census Tract 9503.02, Louisa County, Virginia","Louisa","Charlottesville",768,180,1302,133,NA,NA,29.2,55.9,2798,551,172,106,0,13,0.589861751152074,0.150809058825083,6.15,21.6
"51109950303","109","Census Tract 9503.03, Louisa County, Virginia","Louisa","Charlottesville",1083,336,1224,122,72813,14828,16.7,8.8,3210,561,77,79,0,13,0.884803921568627,0.28832850597633,2.4,16.4
"51109950400","109","Census Tract 9504, Louisa County, Virginia","Louisa","Charlottesville",698,392,1389,129,32250,9872,26.6,3.9,2986,354,23,25,7,11,0.502519798416127,0.286050329513602,1,10.17
"51109950500","109","Census Tract 9505, Louisa County, Virginia","Louisa","Charlottesville",704,502,1519,136,NA,NA,44.6,7.3,6115,650,209,154,180,120,0.463462804476629,0.333075442396295,6.36,42.15
"51041100924","041","Census Tract 1009.24, Chesterfield County, Virginia","Chesterfield","Richmond",1239,143,4892,388,64656,12816,23.7,4.2,4956,401,201,117,36,32,0.253270645952576,0.0354681573548025,4.78,37.16
"51041100926","041","Census Tract 1009.26, Chesterfield County, Virginia","Chesterfield","Richmond",1253,183,5132,482,47115,21815,32.1,8.3,6297,990,227,193,71,64,0.244154325798909,0.0423954221757935,4.73,25.96
"51041100928","041","Census Tract 1009.28, Chesterfield County, Virginia","Chesterfield","Richmond",1434,242,3213,288,50365,11638,31.5,7.6,7233,921,177,121,43,58,0.446311858076564,0.0852842180752947,3.04,19.44
"51041100929","041","Census Tract 1009.29, Chesterfield County, Virginia","Chesterfield","Richmond",1566,217,2826,266,65136,24627,30.1,4.6,6016,530,390,124,73,57,0.554140127388535,0.0928267152368772,7.7,34.15
"51041100930","041","Census Tract 1009.30, Chesterfield County, Virginia","Chesterfield","Richmond",1481,274,2679,154,NA,NA,25.5,4.7,3500,589,87,65,52,34,0.552818215752146,0.107100127487177,3.97,16.81
"51041100931","041","Census Tract 1009.31, Chesterfield County, Virginia","Chesterfield","Richmond",1478,223,2790,160,85500,54101,24.6,22.8,4918,595,88,59,128,148,0.529749103942652,0.0855071489808162,4.39,34.79
"51041100932","041","Census Tract 1009.32, Chesterfield County, Virginia","Chesterfield","Richmond",1908,301,2229,139,83875,46789,24.5,3.9,3173,315,87,44,120,64,0.855989232839839,0.145205541598482,6.52,34.29
"51041100933","041","Census Tract 1009.33, Chesterfield County, Virginia","Chesterfield","Richmond",1338,95,1875,274,64074,16657,26.6,6.9,2792,922,90,59,70,61,0.7136,0.115937850749738,5.73,13.02
"51041100934","041","Census Tract 1009.34, Chesterfield County, Virginia","Chesterfield","Richmond",1154,87,1713,135,45625,11538,29.9,5.3,5986,527,310,194,19,32,0.673671920607122,0.0734720061894305,5.5,42.88
"51041100935","041","Census Tract 1009.35, Chesterfield County, Virginia","Chesterfield","Richmond",NA,NA,4651,274,NA,NA,37.5,68.4,4103,583,198,84,21,23,NA,NA,5.34,18.35
"51041100936","041","Census Tract 1009.36, Chesterfield County, Virginia","Chesterfield","Richmond",NA,NA,3543,289,NA,NA,NA,NA,3909,562,149,72,91,76,NA,NA,6.14,26.33
"51041100937","041","Census Tract 1009.37, Chesterfield County, Virginia","Chesterfield","Richmond",1374,91,2155,173,63039,23944,26.8,3.2,3770,365,270,91,30,34,0.637587006960557,0.0663551230681176,7.96,34.25
"51041100938","041","Census Tract 1009.38, Chesterfield County, Virginia","Chesterfield","Richmond",1988,321,2983,1256,112115,64126,20.8,4.1,7194,1385,304,138,61,48,0.666443178008716,0.300533728677234,5.07,13.43
"51041101003","041","Census Tract 1010.03, Chesterfield County, Virginia","Chesterfield","Richmond",1694,430,3645,741,NA,NA,51,NA,9200,1089,492,252,60,56,0.464746227709191,0.151139710510577,6,28.28
"51041101004","041","Census Tract 1010.04, Chesterfield County, Virginia","Chesterfield","Richmond",1122,125,2734,178,51087,12902,22.7,8.6,4480,516,178,86,46,38,0.410387710314557,0.0529552628216085,5,24.03
"51041101007","041","Census Tract 1010.07, Chesterfield County, Virginia","Chesterfield","Richmond",1661,275,2727,177,71908,16411,26.4,5.9,6142,804,141,109,64,54,0.609094242757609,0.10831595204748,3.34,20.27
"51041101008","041","Census Tract 1010.08, Chesterfield County, Virginia","Chesterfield","Richmond",1457,228,3426,151,91625,59270,20.6,4.8,5407,659,277,144,221,78,0.42527729130181,0.0691391899149019,9.21,33.69
"51041101009","041","Census Tract 1010.09, Chesterfield County, Virginia","Chesterfield","Richmond",1911,494,2921,226,102500,80782,20.3,5,8052,1356,370,128,112,64,0.654228004108182,0.176532784684824,5.99,14.16
"51041101011","041","Census Tract 1010.11, Chesterfield County, Virginia","Chesterfield","Richmond",1786,184,2230,176,120370,49219,19,4.7,2879,284,146,69,25,24,0.800896860986547,0.103940263377216,5.94,32.75
"51041101012","041","Census Tract 1010.12, Chesterfield County, Virginia","Chesterfield","Richmond",1411,58,1868,232,67292,35047,27,8.5,5198,495,239,126,102,63,0.755353319057816,0.0988173224408717,6.56,38.18
"51041101013","041","Census Tract 1010.13, Chesterfield County, Virginia","Chesterfield","Richmond",NA,NA,2735,163,NA,NA,NA,NA,3634,588,121,82,18,31,NA,NA,3.82,19.22
"51041101014","041","Census Tract 1010.14, Chesterfield County, Virginia","Chesterfield","Richmond",2625,897,2665,271,NA,NA,40.5,49.3,2422,443,296,160,39,44,0.984990619136961,0.351172592121726,13.83,46.05
"51041101015","041","Census Tract 1010.15, Chesterfield County, Virginia","Chesterfield","Richmond",2216,2147,3010,259,78153,59079,28.6,11.7,5772,593,169,88,15,27,0.736212624584718,0.716096561697768,3.19,19.39
"51125950101","125","Census Tract 9501.01, Nelson County, Virginia","Nelson","Charlottesville",737,53,840,139,80301,58832,13.7,10.8,3122,439,172,130,0,13,0.877380952380952,0.158303140341516,5.51,32.57
"51125950102","125","Census Tract 9501.02, Nelson County, Virginia","Nelson","Charlottesville",1306,986,1357,263,15841,1627,51,NA,2168,345,94,79,76,69,0.962417096536478,0.750162352119168,7.84,42.9
"51125950201","125","Census Tract 9502.01, Nelson County, Virginia","Nelson","Charlottesville",NA,NA,1387,263,44754,17822,NA,NA,2107,298,51,53,18,32,NA,NA,3.27,28.52
"51125950202","125","Census Tract 9502.02, Nelson County, Virginia","Nelson","Charlottesville",1100,229,2792,469,65069,31964,19.9,27.6,2802,498,108,84,31,51,0.393982808022923,0.105390902326986,4.96,27.11
"51125950300","125","Census Tract 9503, Nelson County, Virginia","Nelson","Charlottesville",661,339,1218,286,29475,11489,27.8,7.7,4181,456,163,95,16,21,0.542692939244663,0.30611006399058,4.28,25.44
"51670820100","670","Census Tract 8201, Hopewell city, Virginia","Hopewell","Richmond",747,152,1230,356,NA,NA,23.4,5.1,1472,376,62,47,0,13,0.607317073170732,0.214868911537728,4.21,15.96
"51670820300","670","Census Tract 8203, Hopewell city, Virginia","Hopewell","Richmond",752,130,877,207,24890,12618,28.6,5.8,2710,349,69,67,101,106,0.857468643101482,0.25086771310662,6.27,49.57
"51670820400","670","Census Tract 8204, Hopewell city, Virginia","Hopewell","Richmond",1158,135,1446,153,35496,21476,41.5,32.6,5676,511,406,193,40,54,0.800829875518672,0.126080587859311,7.86,48.34
"51670820500","670","Census Tract 8205, Hopewell city, Virginia","Hopewell","Richmond",1070,89,1285,78,27240,7127,34.2,30.3,4042,537,161,73,60,82,0.832684824902724,0.0857424641613988,5.47,28.86
"51670820600","670","Census Tract 8206, Hopewell city, Virginia","Hopewell","Richmond",927,44,977,157,28625,13337,26.6,7.1,5080,616,160,110,21,37,0.948822927328557,0.158984129943925,3.56,23.86
"51670820700","670","Census Tract 8207, Hopewell city, Virginia","Hopewell","Richmond",894,55,974,180,36576,6224,34.3,9,2731,419,102,64,0,13,0.917864476386037,0.178778055678443,3.73,18.38
"51670980100","670","Census Tract 9801, Hopewell city, Virginia","Hopewell","Richmond",NA,NA,NA,NA,NA,NA,NA,NA,0,13,0,13,0,13,NA,NA,NA,200
"51730810100","730","Census Tract 8101, Petersburg city, Virginia","Petersburg City","Richmond",830,121,770,310,20612,13405,34.4,13.4,2127,327,94,68,8,12,1.07792207792208,0.461543766408835,4.8,24.46
"51730810300","730","Census Tract 8103, Petersburg city, Virginia","Petersburg City","Richmond",1133,75,929,281,57759,22348,26.6,8.6,2324,478,218,120,65,63,1.21959095801938,0.377627390434274,12.18,38.28
"51730810400","730","Census Tract 8104, Petersburg city, Virginia","Petersburg City","Richmond",979,40,NA,NA,34167,13061,43.1,15.4,1626,443,119,77,34,41,NA,NA,9.41,26.64
"51730810500","730","Census Tract 8105, Petersburg city, Virginia","Petersburg City","Richmond",848,64,1191,79,30000,13488,38,14.6,3083,409,97,57,35,40,0.7120067170445,0.0715407475795944,4.28,23.72
"51730810600","730","Census Tract 8106, Petersburg city, Virginia","Petersburg City","Richmond",745,236,943,222,20074,5935,33.4,6.6,1556,258,41,44,40,44,0.790031813361612,0.311808132400219,5.21,34.11
"51730810700","730","Census Tract 8107, Petersburg city, Virginia","Petersburg City","Richmond",635,355,850,266,NA,NA,24.6,5.4,1950,391,17,18,41,48,0.747058823529412,0.478627945678284,2.97,16.88
"51730810900","730","Census Tract 8109, Petersburg city, Virginia","Petersburg City","Richmond",1106,123,1387,173,NA,NA,29.2,20.9,2768,417,41,56,38,61,0.797404470079308,0.133253648053572,2.85,28.06
"51730811000","730","Census Tract 8110, Petersburg city, Virginia","Petersburg City","Richmond",952,18,2079,400,41175,10548,27.8,6.5,4377,618,157,77,47,53,0.457912457912458,0.0885268429898316,4.66,21.04
"51730811100","730","Census Tract 8111, Petersburg city, Virginia","Petersburg City","Richmond",1208,72,1676,125,56726,17292,24.6,6.8,2886,509,221,162,13,19,0.720763723150358,0.0688131250841681,8.11,35.56
"51730811200","730","Census Tract 8112, Petersburg city, Virginia","Petersburg City","Richmond",953,63,1679,202,44537,17222,23,8.3,3770,489,281,131,101,79,0.567599761762954,0.0779175461599341,10.13,42.94
"51730811300","730","Census Tract 8113, Petersburg city, Virginia","Petersburg City","Richmond",856,96,733,518,30441,21068,27.6,2.8,3101,363,21,34,116,82,1.16780354706685,0.835596695959564,4.42,31.96
"51760010201","760","Census Tract 102.01, Richmond city, Virginia","Richmond City","Richmond",936,165,2963,414,34494,7770,31.5,9.5,2472,510,26,36,56,72,0.315896051299359,0.0710576195537025,3.32,21.18
"51760010202","760","Census Tract 102.02, Richmond city, Virginia","Richmond City","Richmond",1388,108,2279,379,47717,18451,37.4,9.5,2163,442,13,14,9,15,0.609039052215884,0.111821942382308,1.02,6.56
"51760010300","760","Census Tract 103, Richmond city, Virginia","Richmond City","Richmond",755,154,1353,375,17063,4982,34,11.1,1809,500,139,83,0,13,0.558019216555802,0.192029883240881,7.68,19.2
"51760010401","760","Census Tract 104.01, Richmond city, Virginia","Richmond City","Richmond",740,71,3583,342,21464,10643,33,16.2,2749,385,35,39,15,17,0.206530840078147,0.0279515425507976,1.82,14.55
"51760010402","760","Census Tract 104.02, Richmond city, Virginia","Richmond City","Richmond",745,60,4007,402,22173,9836,41.2,13.5,3043,327,231,95,141,120,0.185924631894185,0.0239194665712143,12.22,65.75
"51760010500","760","Census Tract 105, Richmond city, Virginia","Richmond City","Richmond",840,63,1869,294,26825,6366,34.8,15.2,1384,246,108,58,14,20,0.449438202247191,0.0783227155034086,8.82,31.71
"51760010600","760","Census Tract 106, Richmond city, Virginia","Richmond City","Richmond",1080,81,1936,156,48125,35797,33.2,18.5,2196,352,33,43,43,37,0.557851239669422,0.0614089999323185,3.46,22.73
"51760010700","760","Census Tract 107, Richmond city, Virginia","Richmond City","Richmond",1086,112,1557,220,44306,18369,27.7,4.7,2641,416,89,67,51,44,0.697495183044316,0.122013617035045,5.3,26.68
"51760010800","760","Census Tract 108, Richmond city, Virginia","Richmond City","Richmond",1066,148,1280,124,24375,15435,37.9,11.1,4695,987,252,170,35,34,0.8328125,0.140990052924086,6.11,20.67
"51760010900","760","Census Tract 109, Richmond city, Virginia","Richmond City","Richmond",1079,98,1193,218,37232,20004,32.7,1.9,2863,629,269,228,0,13,0.904442581726739,0.184560272175331,9.4,38.31
"51760011000","760","Census Tract 110, Richmond city, Virginia","Richmond City","Richmond",1073,93,1452,172,32679,10052,41.8,8.3,2875,440,115,75,19,18,0.738980716253444,0.108467467888473,4.66,21.14
"51760011100","760","Census Tract 111, Richmond city, Virginia","Richmond City","Richmond",952,130,1788,195,34784,8180,35.6,6.8,3343,940,989,1008,208,120,0.532438478747204,0.0930493729204975,35.81,120
"51760020100","760","Census Tract 201, Richmond city, Virginia","Richmond City","Richmond",329,125,898,215,11341,9577,36.9,5.3,1663,356,12,18,0,13,0.366369710467706,0.164530672403667,0.72,8.71
"51760020200","760","Census Tract 202, Richmond city, Virginia","Richmond City","Richmond",308,259,1198,349,15877,4359,28.6,7.1,3493,462,0,13,26,29,0.257095158597663,0.228799493166988,0.74,9.09
"51760020300","760","Census Tract 203, Richmond city, Virginia","Richmond City","Richmond",1085,113,1471,228,NA,NA,46.3,28.9,1747,300,89,54,27,27,0.737593473827328,0.137735861572214,6.64,27
"51760020400","760","Census Tract 204, Richmond city, Virginia","Richmond City","Richmond",390,150,1033,257,13629,4814,34.8,6.4,4080,456,197,129,0,13,0.377541142303969,0.172939158202756,4.83,31.14
"51760020501","760","Census Tract 205.01, Richmond city, Virginia","Richmond City","Richmond",1166,39,4933,1204,47463,11544,26.7,3.3,3264,433,186,104,149,98,0.236367322116359,0.0582295005435758,10.26,46.65
"51760020502","760","Census Tract 205.02, Richmond city, Virginia","Richmond City","Richmond",1216,65,3515,1726,53397,10032,29.2,5.2,2847,696,132,63,636,295,0.345945945945946,0.170876301664862,26.98,51.44
"51760020600","760","Census Tract 206, Richmond city, Virginia","Richmond City","Richmond",1111,152,2937,731,40789,5680,32.3,5.3,2195,478,49,27,215,97,0.378277153558052,0.10743731943228,12.03,25.94
"51760020700","760","Census Tract 207, Richmond city, Virginia","Richmond City","Richmond",706,295,1655,275,24167,12820,31.9,3.4,1335,218,106,95,26,16,0.426586102719033,0.191824499002704,9.89,50.92
"51760020800","760","Census Tract 208, Richmond city, Virginia","Richmond City","Richmond",1512,250,3622,288,53393,8210,35,16.7,2075,545,237,267,49,32,0.417448923246825,0.076589192922643,13.78,54.86
"51760020900","760","Census Tract 209, Richmond city, Virginia","Richmond City","Richmond",951,27,1588,292,35859,7465,31.2,6.3,3121,592,13,15,98,52,0.598866498740554,0.111423902903952,3.56,11.32
"51760021000","760","Census Tract 210, Richmond city, Virginia","Richmond City","Richmond",670,408,1640,138,10404,9249,51,NA,2650,913,436,474,187,170,0.408536585365854,0.251144379885352,23.51,70.54
"51760021100","760","Census Tract 211, Richmond city, Virginia","Richmond City","Richmond",1066,187,1772,670,45114,26025,30.3,6.7,1652,307,44,24,11,16,0.601580135440181,0.250748125316999,3.33,13.03
"51760021200","760","Census Tract 212, Richmond city, Virginia","Richmond City","Richmond",1077,94,1062,318,29719,8237,47.1,16.7,1801,406,147,143,34,40,1.01412429378531,0.316301195244698,10.05,45.07
"51760030100","760","Census Tract 301, Richmond city, Virginia","Richmond City","Richmond",257,61,NA,NA,13458,4726,23.2,4.1,2247,484,47,45,0,13,NA,NA,2.09,11.98
"51760030200","760","Census Tract 302, Richmond city, Virginia","Richmond City","Richmond",876,48,3514,1991,17500,3813,48.9,26.3,3090,749,1061,280,171,95,0.249288560045532,0.14190356894838,39.87,50.07
"51760030501","760","Census Tract 305.01, Richmond city, Virginia","Richmond City","Richmond",1096,48,NA,NA,22551,10398,51,NA,2621,487,1095,369,344,140,NA,NA,54.9,104.52
"51760030502","760","Census Tract 305.02, Richmond city, Virginia","Richmond City","Richmond",1366,97,3406,2133,60801,3381,28.5,4.2,1898,331,108,76,214,95,0.401056958308867,0.252770506095249,16.97,51.66
"51760040201","760","Census Tract 402.01, Richmond city, Virginia","Richmond City","Richmond",1170,199,1435,969,23333,12034,46,11,2305,507,1407,389,178,80,0.815331010452962,0.567757856902845,68.76,92.5
"51760040202","760","Census Tract 402.02, Richmond city, Virginia","Richmond City","Richmond",1247,80,1818,205,46200,15765,29.9,7.5,2194,310,303,169,52,39,0.685918591859186,0.0889867681464789,16.18,67.1
"51760040300","760","Census Tract 403, Richmond city, Virginia","Richmond City","Richmond",1153,139,4208,3056,10750,1752,51,NA,3033,428,2686,473,60,39,0.274001901140684,0.201713023402392,90.54,119.63
"51760040400","760","Census Tract 404, Richmond city, Virginia","Richmond City","Richmond",1173,237,6755,1739,17278,2718,48.3,14.4,3880,595,1250,343,373,199,0.173649148778682,0.0568279688174471,41.83,91.09
"51760040500","760","Census Tract 405, Richmond city, Virginia","Richmond City","Richmond",1284,100,5580,2774,48333,12512,28,9.3,3381,401,245,103,337,160,0.23010752688172,0.115789226122935,17.21,65.59
"51760040600","760","Census Tract 406, Richmond city, Virginia","Richmond City","Richmond",1290,99,4511,452,55544,6013,26.7,3.7,1946,356,44,32,272,140,0.285967634670805,0.0360927095781491,16.24,48.31
"51760040700","760","Census Tract 407, Richmond city, Virginia","Richmond City","Richmond",1174,56,4396,441,54394,5771,25.9,3.5,2523,375,16,18,214,117,0.267060964513194,0.0296655352960937,9.12,36
"51760040800","760","Census Tract 408, Richmond city, Virginia","Richmond City","Richmond",1060,125,3500,342,58625,16005,26.4,6.7,1393,176,59,37,29,16,0.302857142857143,0.0463819321987089,6.32,30.11
"51760040900","760","Census Tract 409, Richmond city, Virginia","Richmond City","Richmond",1262,89,3867,788,55049,9293,26.3,4.6,2427,428,55,42,62,32,0.326351176622705,0.0703723626880503,4.82,17.29
"51760041000","760","Census Tract 410, Richmond city, Virginia","Richmond City","Richmond",1316,135,5758,419,68450,18988,26.4,2.6,2303,348,110,43,100,56,0.228551580409865,0.0287454120829084,9.12,28.45
"51760041100","760","Census Tract 411, Richmond city, Virginia","Richmond City","Richmond",1396,78,3414,639,58906,9098,24.2,1.6,3658,574,708,250,227,143,0.408904510837727,0.079872232057576,25.56,68.47
"51760041200","760","Census Tract 412, Richmond city, Virginia","Richmond City","Richmond",1640,164,2148,342,69432,43000,24.9,24.5,1283,207,343,168,96,90,0.763500931098696,0.143551032936321,34.22,124.64
"51760041300","760","Census Tract 413, Richmond city, Virginia","Richmond City","Richmond",1056,740,2174,352,40625,12762,31.7,7.4,3109,624,351,162,132,71,0.485740570377185,0.349354252205172,15.54,37.34
"51760041400","760","Census Tract 414, Richmond city, Virginia","Richmond City","Richmond",1083,59,2236,220,41591,4279,30.5,3.4,2414,386,121,65,29,21,0.484347048300537,0.0544723010293422,6.21,22.28
"51760041600","760","Census Tract 416, Richmond city, Virginia","Richmond City","Richmond",1402,237,2753,242,89659,2952,25.9,4.6,1269,165,35,23,22,24,0.509262622593534,0.0970316783182299,4.49,28.48
"51760050100","760","Census Tract 501, Richmond city, Virginia","Richmond City","Richmond",1114,61,4162,373,42745,17126,33.6,6.2,2990,372,53,47,60,58,0.267659778952427,0.0281109160633809,3.78,28.23
"51760050200","760","Census Tract 502, Richmond city, Virginia","Richmond City","Richmond",1577,292,4185,268,97097,32988,21.2,2.8,2880,368,99,63,18,19,0.376821983273596,0.0738280243203363,4.06,22.28
"51760050300","760","Census Tract 503, Richmond city, Virginia","Richmond City","Richmond",1581,108,4045,623,67798,20436,24.1,4.9,1385,162,7,10,77,36,0.390852904820766,0.0658534948728157,6.06,28.4
"51065020101","065","Census Tract 201.01, Fluvanna County, Virginia","Fluvanna","Charlottesville",1497,168,1786,349,72679,25225,18.3,20.6,6481,734,339,120,60,40,0.838185890257559,0.188878268261762,6.16,21.8
"51065020103","065","Census Tract 201.03, Fluvanna County, Virginia","Fluvanna","Charlottesville",1419,69,2044,319,NA,NA,51,NA,3370,376,45,56,122,149,0.694227005870842,0.113482720463048,4.96,54.52
"51065020104","065","Census Tract 201.04, Fluvanna County, Virginia","Fluvanna","Charlottesville",1737,206,1769,121,52171,51311,28.4,6.4,6127,553,241,171,140,129,0.981910684002261,0.134430103676841,6.22,54.25
"51760050400","760","Census Tract 504, Richmond city, Virginia","Richmond City","Richmond",NA,NA,5438,682,NA,NA,47.5,47.6,2484,302,30,27,66,85,NA,NA,3.86,37.09
"51760050500","760","Census Tract 505, Richmond city, Virginia","Richmond City","Richmond",1561,251,3619,893,69115,20671,32.8,10.3,5056,623,2277,460,15,20,0.431334622823985,0.127036644865724,45.33,77.05
"51760050600","760","Census Tract 506, Richmond city, Virginia","Richmond City","Richmond",NA,NA,10001,NA,69583,8100,NA,NA,2805,360,39,32,33,38,NA,NA,2.57,19.44
"51760060200","760","Census Tract 602, Richmond city, Virginia","Richmond City","Richmond",1082,65,1130,176,35466,6800,40.5,12.9,2547,483,97,66,43,51,0.957522123893805,0.159844917557018,5.5,24.22
"51760060400","760","Census Tract 604, Richmond city, Virginia","Richmond City","Richmond",1045,156,911,604,30732,6442,41.8,17.1,5420,1220,219,171,65,82,1.14709110867179,0.779570065590772,5.24,20.74
"51760060501","760","Census Tract 605.01, Richmond city, Virginia","Richmond City","Richmond",1125,155,2917,446,48696,14246,31.3,5.9,1872,390,53,40,82,53,0.385670209118958,0.0793770297243469,7.21,23.85
"51760060502","760","Census Tract 605.02, Richmond city, Virginia","Richmond City","Richmond",868,38,3322,380,28188,8865,36.5,10.2,3944,659,249,276,74,78,0.261288380493679,0.032002663395873,8.19,53.72
"51760060600","760","Census Tract 606, Richmond city, Virginia","Richmond City","Richmond",1393,135,3323,407,56481,20495,22.7,7.4,2511,451,30,29,95,61,0.419199518507373,0.0654722415269936,4.98,19.96
"51760060700","760","Census Tract 607, Richmond city, Virginia","Richmond City","Richmond",905,125,1065,197,25979,4330,29.5,3.4,5631,912,270,148,28,33,0.849765258215962,0.196172274911787,5.29,19.85
"51760060800","760","Census Tract 608, Richmond city, Virginia","Richmond City","Richmond",937,57,600,501,26017,5753,41.1,11.8,3364,516,41,49,80,100,1.56166666666667,1.30744761529329,3.6,28.88
"51760060900","760","Census Tract 609, Richmond city, Virginia","Richmond City","Richmond",1120,93,NA,NA,51429,33506,27.6,10.4,1409,402,8,16,7,11,NA,NA,1.06,6.72
"51760061001","760","Census Tract 610.01, Richmond city, Virginia","Richmond City","Richmond",943,251,1800,115,33070,7940,37.4,5.2,2781,445,175,145,100,125,0.523888888888889,0.143405158345044,9.89,60.67
"51760061002","760","Census Tract 610.02, Richmond city, Virginia","Richmond City","Richmond",1184,61,NA,NA,52603,3588,27.7,2.4,3177,551,132,87,221,157,NA,NA,11.11,44.28
"51760070100","760","Census Tract 701, Richmond city, Virginia","Richmond City","Richmond",1479,88,3352,618,86250,20651,22,4,5221,634,208,127,127,81,0.441229116945107,0.0854796440255983,6.42,32.81
"51760070300","760","Census Tract 703, Richmond city, Virginia","Richmond City","Richmond",971,27,3211,362,37975,12525,32.5,6.9,3168,454,257,154,64,60,0.302398006851448,0.0351132542643469,10.13,47.14
"51760070400","760","Census Tract 704, Richmond city, Virginia","Richmond City","Richmond",1548,266,2968,260,76250,16257,25.9,12.4,3884,323,154,102,86,58,0.521563342318059,0.100596964653353,6.18,49.54
"51760070601","760","Census Tract 706.01, Richmond city, Virginia","Richmond City","Richmond",874,40,1213,294,38419,9541,29.4,5.7,5540,885,49,47,35,39,0.720527617477329,0.177723466960394,1.52,9.72
"51760070602","760","Census Tract 706.02, Richmond city, Virginia","Richmond City","Richmond",1125,111,1390,106,44904,16857,33,6.1,2633,379,127,98,19,32,0.809352517985611,0.100927735855177,5.55,34.3
"51760070700","760","Census Tract 707, Richmond city, Virginia","Richmond City","Richmond",1002,144,1342,58,32828,13073,34.2,5.4,6690,1164,415,285,31,47,0.746646795827124,0.112049751833947,6.67,28.52
"51760070802","760","Census Tract 708.02, Richmond city, Virginia","Richmond City","Richmond",1300,94,1203,116,43377,20341,36.1,4.5,2719,489,32,35,15,22,1.08063175394846,0.130243247899963,1.73,11.66
"51760070803","760","Census Tract 708.03, Richmond city, Virginia","Richmond City","Richmond",892,83,1541,311,24665,11756,44,13.7,4632,803,259,223,44,61,0.578844905905256,0.128639447076926,6.54,35.37
"51760070804","760","Census Tract 708.04, Richmond city, Virginia","Richmond City","Richmond",875,64,1758,224,35122,11397,32.1,1,2792,565,232,219,21,39,0.497724687144482,0.073125059794199,9.06,45.66
"51760070901","760","Census Tract 709.01, Richmond city, Virginia","Richmond City","Richmond",1123,119,1644,145,36419,5025,34.2,13.7,5545,1170,104,139,180,225,0.6830900243309,0.09417723708745,5.12,31.11
"51760070902","760","Census Tract 709.02, Richmond city, Virginia","Richmond City","Richmond",900,72,NA,NA,33500,14938,29.6,10.1,2997,457,143,138,24,39,NA,NA,5.57,38.73
"51760071002","760","Census Tract 710.02, Richmond city, Virginia","Richmond City","Richmond",1092,39,1350,239,31382,7701,34.6,11,3850,740,294,196,239,243,0.808888888888889,0.146088161028645,13.84,59.32
"51760071003","760","Census Tract 710.03, Richmond city, Virginia","Richmond City","Richmond",1136,90,1258,284,38651,6273,33.1,5.8,2411,407,159,122,0,13,0.90302066772655,0.21605050535402,6.59,33.17
"51760071004","760","Census Tract 710.04, Richmond city, Virginia","Richmond City","Richmond",1136,108,NA,NA,15632,7136,51,NA,1865,557,18,39,0,13,NA,NA,0.97,9.34
"51760071100","760","Census Tract 711, Richmond city, Virginia","Richmond City","Richmond",1030,103,2074,321,36843,3257,29.5,6,5642,662,321,248,67,59,0.496624879459981,0.0915122145223914,6.88,46.37
"51065020200","065","Census Tract 202, Fluvanna County, Virginia","Fluvanna","Charlottesville",638,289,1548,301,46991,8068,18.8,10.4,4944,589,140,86,35,39,0.412144702842377,0.203165919883788,3.54,21.22
"51065020300","065","Census Tract 203, Fluvanna County, Virginia","Fluvanna","Charlottesville",1037,133,1847,349,44848,9218,21.3,4.8,5210,648,100,70,33,35,0.561451001624256,0.128219052123535,2.55,16.2
"51003010100","003","Census Tract 101, Albemarle County, Virginia","Albemarle","Charlottesville",1666,391,3555,833,64915,49744,16.7,4.4,4668,633,29,32,76,81,0.468635724331927,0.155419049037204,2.25,17.85
"51003010201","003","Census Tract 102.01, Albemarle County, Virginia","Albemarle","Charlottesville",1215,208,2495,171,92222,26959,17.8,6.5,5101,506,186,88,37,32,0.486973947895792,0.0897995225136812,4.37,23.72
"51003010202","003","Census Tract 102.02, Albemarle County, Virginia","Albemarle","Charlottesville",1182,341,4087,789,NA,NA,27.5,40.6,2919,371,135,130,32,29,0.289209689258625,0.100392667016927,5.72,42.86
"51003010301","003","Census Tract 103.01, Albemarle County, Virginia","Albemarle","Charlottesville",1641,1057,2071,547,NA,NA,18.1,8.2,1900,478,57,73,44,44,0.792370835345244,0.551623931208424,5.32,24.48
"51003010302","003","Census Tract 103.02, Albemarle County, Virginia","Albemarle","Charlottesville",2135,183,3300,380,66538,53913,32.8,5.6,1273,148,81,80,40,43,0.646969696969697,0.0928729680821845,9.51,83.11
"51003010303","003","Census Tract 103.03, Albemarle County, Virginia","Albemarle","Charlottesville",1432,179,2642,240,55964,8738,28.8,8.5,5282,644,97,57,96,80,0.542013626040878,0.0837528657628085,3.65,21.27
"51003010401","003","Census Tract 104.01, Albemarle County, Virginia","Albemarle","Charlottesville",1125,149,3251,871,48469,12549,24.6,4.6,4110,593,66,48,44,37,0.346047370039988,0.103422063028009,2.68,14.33
"51003010402","003","Census Tract 104.02, Albemarle County, Virginia","Albemarle","Charlottesville",1109,335,4300,286,58958,31820,24.5,36.9,2936,417,45,51,6,10,0.257906976744186,0.079773117787013,1.74,14.63
"51003010501","003","Census Tract 105.01, Albemarle County, Virginia","Albemarle","Charlottesville",1661,486,3412,434,39799,6863,51,NA,2498,422,55,60,85,63,0.486811254396249,0.15531575015938,5.6,29.15
"51003010502","003","Census Tract 105.02, Albemarle County, Virginia","Albemarle","Charlottesville",1323,351,1775,260,64674,11813,30.4,10.5,3132,378,27,34,71,61,0.745352112676056,0.225883995260234,3.13,25.13
"51003010602","003","Census Tract 106.02, Albemarle County, Virginia","Albemarle","Charlottesville",1550,133,2288,609,87125,9737,23.2,3.2,4343,435,116,64,48,33,0.677447552447552,0.189455234137821,3.78,22.3
"51003010603","003","Census Tract 106.03, Albemarle County, Virginia","Albemarle","Charlottesville",1382,49,1757,79,55228,20378,34.8,3.7,1974,406,77,63,138,162,0.786568013659647,0.0450394498226592,10.89,55.42
"51079030101","079","Census Tract 301.01, Greene County, Virginia","Greene","Charlottesville",965,257,1567,192,40951,6649,27.3,4.1,3684,451,26,33,9,14,0.615826419910657,0.180532642786234,0.95,10.42
"51079030102","079","Census Tract 301.02, Greene County, Virginia","Greene","Charlottesville",984,485,1577,198,31071,6753,28.4,5.8,4970,586,177,102,42,47,0.623969562460368,0.317367386830011,4.41,25.43
"51079030201","079","Census Tract 302.01, Greene County, Virginia","Greene","Charlottesville",1337,93,1696,184,61621,4831,26.7,5,6617,553,172,94,111,88,0.788325471698113,0.101594992272915,4.28,32.91
"51079030202","079","Census Tract 302.02, Greene County, Virginia","Greene","Charlottesville",963,275,1849,222,61528,9628,17.8,1.2,3647,521,74,57,0,13,0.520822065981612,0.16134012321273,2.03,13.44
"51003010604","003","Census Tract 106.04, Albemarle County, Virginia","Albemarle","Charlottesville",1436,232,2657,254,48267,24981,45.3,7.6,4252,601,134,123,67,52,0.540459164471208,0.101457149560659,4.73,29.12
"51003010701","003","Census Tract 107.01, Albemarle County, Virginia","Albemarle","Charlottesville",1166,55,1433,261,42766,12689,33.6,10.8,2708,494,142,103,103,64,0.813677599441731,0.153088824520184,9.05,33.81
"51003010702","003","Census Tract 107.02, Albemarle County, Virginia","Albemarle","Charlottesville",1410,120,1646,199,52024,11251,21.6,15.9,3394,517,148,112,154,102,0.856622114216282,0.126651806306862,8.9,41.39
"51003010801","003","Census Tract 108.01, Albemarle County, Virginia","Albemarle","Charlottesville",1284,86,2305,360,66495,15888,27.9,7.9,2873,373,55,52,247,163,0.55704989154013,0.0946640068152566,10.51,57.64
"51003010802","003","Census Tract 108.02, Albemarle County, Virginia","Albemarle","Charlottesville",1291,108,2959,736,37096,14713,34.9,14.4,2254,299,148,133,118,100,0.436296045961473,0.114494495473888,11.8,77.93
"51003010901","003","Census Tract 109.01, Albemarle County, Virginia","Albemarle","Charlottesville",1223,47,2957,542,33250,16270,35.7,11.7,1820,426,407,180,793,379,0.413594859655056,0.0774577355464447,65.93,131.22
"51003010904","003","Census Tract 109.04, Albemarle County, Virginia","Albemarle","Charlottesville",1069,60,2545,667,33295,12077,37.5,6.6,7061,1096,5847,1134,262,148,0.420039292730845,0.112581116782522,86.52,116.97
"51003011000","003","Census Tract 110, Albemarle County, Virginia","Albemarle","Charlottesville",1940,1213,5273,728,92381,32466,24.3,2.9,6507,743,161,119,106,78,0.367912004551489,0.235581011496395,4.1,26.51
"51003011101","003","Census Tract 111.01, Albemarle County, Virginia","Albemarle","Charlottesville",1704,90,2746,506,52634,23854,36.9,32.1,1861,332,61,81,32,41,0.62053896576839,0.118949939985364,5,36.75
"51003011102","003","Census Tract 111.02, Albemarle County, Virginia","Albemarle","Charlottesville",1798,345,3121,597,162832,72996,14,5.6,2422,413,108,98,25,36,0.576097404677988,0.15608707742253,5.49,32.45
"51003011103","003","Census Tract 111.03, Albemarle County, Virginia","Albemarle","Charlottesville",1142,500,3479,807,43125,29191,29.5,12.8,3589,554,56,55,67,66,0.328255245760276,0.162643969482489,3.43,21.84
"51003011201","003","Census Tract 112.01, Albemarle County, Virginia","Albemarle","Charlottesville",1112,151,3026,314,41484,18308,31.6,15.4,4167,455,98,76,94,58,0.36748182419035,0.0628028030644053,4.61,29.45
"51003011202","003","Census Tract 112.02, Albemarle County, Virginia","Albemarle","Charlottesville",1287,244,3045,412,66307,30230,24.7,4.3,3455,380,53,35,82,45,0.422660098522167,0.0984451438223118,3.91,21.05
"51003011301","003","Census Tract 113.01, Albemarle County, Virginia","Albemarle","Charlottesville",1267,331,2267,296,58649,33118,18.3,2.1,5231,578,198,120,55,44,0.558888398764887,0.163228223422943,4.84,28.37
"51003011302","003","Census Tract 113.02, Albemarle County, Virginia","Albemarle","Charlottesville",1612,99,1197,340,62946,25477,22.4,4.9,4496,639,648,242,342,157,1.34670008354219,0.391360415594609,22.02,62.44
"51003011303","003","Census Tract 113.03, Albemarle County, Virginia","Albemarle","Charlottesville",1500,79,2382,304,64956,20746,29.5,4.3,3974,457,153,67,149,100,0.629722921914358,0.0869419642896142,7.6,36.54
"51003011400","003","Census Tract 114, Albemarle County, Virginia","Albemarle","Charlottesville",957,127,1450,139,43036,15849,26.9,7.9,5088,620,245,106,20,17,0.66,0.108047700744382,5.21,19.84
"51087200106","087","Census Tract 2001.06, Henrico County, Virginia","Henrico","Richmond",1141,74,1967,233,37022,8496,33.9,8.2,4521,506,225,100,67,57,0.580071174377224,0.0783368671478934,6.46,31.03
"51087200108","087","Census Tract 2001.08, Henrico County, Virginia","Henrico","Richmond",NA,NA,6569,252,73382,28487,NA,NA,2799,366,142,87,19,15,NA,NA,5.75,27.87
"51087200109","087","Census Tract 2001.09, Henrico County, Virginia","Henrico","Richmond",NA,NA,4228,386,NA,NA,NA,NA,3885,559,106,64,55,47,NA,NA,4.14,19.86
"51087200122","087","Census Tract 2001.22, Henrico County, Virginia","Henrico","Richmond",1865,337,2666,144,86250,54881,41.1,19.3,4329,477,151,82,44,34,0.699549887471868,0.131933110936507,4.5,24.32
"51087200123","087","Census Tract 2001.23, Henrico County, Virginia","Henrico","Richmond",1198,110,1808,241,68026,20237,22.4,3.6,3486,421,191,129,78,59,0.662610619469027,0.107250449434716,7.72,44.66
"51087200124","087","Census Tract 2001.24, Henrico County, Virginia","Henrico","Richmond",1508,396,2439,177,33929,24866,48.3,18.2,5001,819,125,62,80,55,0.618286182861829,0.168447519388718,4.1,14.29
"51087200125","087","Census Tract 2001.25, Henrico County, Virginia","Henrico","Richmond",1281,49,1849,156,63676,8939,25.5,4.7,3360,442,140,72,91,63,0.692806922660898,0.0641789501514606,6.88,30.54
"51087200126","087","Census Tract 2001.26, Henrico County, Virginia","Henrico","Richmond",1160,36,1758,431,57269,6917,26.2,2.7,3230,381,63,77,74,58,0.659840728100114,0.16306077850074,4.24,35.43
"51087200127","087","Census Tract 2001.27, Henrico County, Virginia","Henrico","Richmond",1645,818,2518,135,58972,12795,25.9,6.7,5781,743,307,159,165,103,0.653296266878475,0.326743748804197,8.16,35.26
"51087200131","087","Census Tract 2001.31, Henrico County, Virginia","Henrico","Richmond",1155,45,2145,555,48382,16104,31.4,7.3,1798,193,21,35,30,50,0.538461538461538,0.140892864477724,2.84,44.04
"51087200132","087","Census Tract 2001.32, Henrico County, Virginia","Henrico","Richmond",1344,247,1953,291,56442,32784,27.3,4,3806,735,191,107,0,13,0.688172043010753,0.162816995031725,5.02,16.33
"51087200133","087","Census Tract 2001.33, Henrico County, Virginia","Henrico","Richmond",1411,135,5287,938,80548,23878,24.4,2.7,2756,388,92,67,56,61,0.266881028938907,0.053795298312626,5.37,32.99
"51087200134","087","Census Tract 2001.34, Henrico County, Virginia","Henrico","Richmond",1161,43,3316,435,46496,24272,27.4,5.3,5180,777,251,177,74,55,0.350120627261761,0.0477250476885124,6.27,29.86
"51087200135","087","Census Tract 2001.35, Henrico County, Virginia","Henrico","Richmond",1396,69,3122,311,74875,64103,19.7,18.3,2033,343,134,91,69,50,0.447149263292761,0.0497247185978235,9.99,41.11
"51087200136","087","Census Tract 2001.36, Henrico County, Virginia","Henrico","Richmond",1037,162,2064,271,26571,4257,33.9,26.2,3104,698,200,227,11,17,0.502422480620155,0.102528572931394,6.8,34.96
"51087200137","087","Census Tract 2001.37, Henrico County, Virginia","Henrico","Richmond",1090,148,2060,565,53919,16084,29.8,4.4,1833,205,60,73,52,71,0.529126213592233,0.161934410335841,6.11,70.24
"51087200138","087","Census Tract 2001.38, Henrico County, Virginia","Henrico","Richmond",1313,836,1890,342,40694,36492,33.6,7.5,4462,1016,77,78,0,13,0.694708994708995,0.459844442965219,1.73,8.96
"51087200139","087","Census Tract 2001.39, Henrico County, Virginia","Henrico","Richmond",1327,78,2729,462,65645,20940,26.1,8.8,4231,633,92,117,59,71,0.486258702821546,0.0871408160530087,3.57,29.7
"51087200140","087","Census Tract 2001.40, Henrico County, Virginia","Henrico","Richmond",1511,196,3972,731,65326,17383,27.5,7.7,4037,552,167,100,94,87,0.380412890231621,0.0856530472107794,6.47,33.88
"51087200141","087","Census Tract 2001.41, Henrico County, Virginia","Henrico","Richmond",1510,124,2751,301,82206,30748,21.1,4.2,2733,363,74,69,75,72,0.548891312250091,0.0750901635506228,5.45,38.84
"51087200142","087","Census Tract 2001.42, Henrico County, Virginia","Henrico","Richmond",1423,229,2757,256,78148,38776,26.4,3.6,3678,413,152,112,76,63,0.51614073268045,0.0958962062379691,6.2,42.37
"51087200143","087","Census Tract 2001.43, Henrico County, Virginia","Henrico","Richmond",NA,NA,4014,505,NA,NA,NA,NA,2073,245,137,68,13,21,NA,NA,7.24,36.33
"51087200144","087","Census Tract 2001.44, Henrico County, Virginia","Henrico","Richmond",1331,101,3704,508,78289,18640,23.3,7.2,3062,763,73,83,316,288,0.359341252699784,0.0563238665150682,12.7,48.62
"51087200145","087","Census Tract 2001.45, Henrico County, Virginia","Henrico","Richmond",NA,NA,3685,228,NA,NA,NA,NA,4233,617,173,123,11,20,NA,NA,4.35,23.18
"51087200146","087","Census Tract 2001.46, Henrico County, Virginia","Henrico","Richmond",1898,315,4243,312,108169,2826,19.5,7.9,2969,289,162,91,0,13,0.447325005892057,0.0812005055202584,5.46,35.99
"51087200147","087","Census Tract 2001.47, Henrico County, Virginia","Henrico","Richmond",1489,164,5271,682,74527,26087,27.5,5.4,7161,1347,252,227,95,94,0.282489091254031,0.0479999578030089,4.85,23.83
"51087200148","087","Census Tract 2001.48, Henrico County, Virginia","Henrico","Richmond",1548,267,3476,312,98289,58097,20.7,4.4,4123,409,260,177,24,42,0.445339470655926,0.0865909029508414,6.89,53.55
"51087200149","087","Census Tract 2001.49, Henrico County, Virginia","Henrico","Richmond",1689,102,4340,161,83977,80541,23.1,31.5,4736,683,243,140,27,44,0.389170506912442,0.0275823206979051,5.7,26.94
"51087200150","087","Census Tract 2001.50, Henrico County, Virginia","Henrico","Richmond",NA,NA,3171,298,NA,NA,NA,NA,4356,442,242,140,90,62,NA,NA,7.62,45.7
"51087200151","087","Census Tract 2001.51, Henrico County, Virginia","Henrico","Richmond",1217,58,2731,259,60556,20340,27,5.9,5807,972,199,111,29,33,0.445624313438301,0.0472978704498138,3.93,14.81
"51087200152","087","Census Tract 2001.52, Henrico County, Virginia","Henrico","Richmond",1118,537,2261,676,49805,5395,31.4,5.6,2737,570,93,77,7,16,0.494471472799646,0.279758969088023,3.65,16.32
"51087200153","087","Census Tract 2001.53, Henrico County, Virginia","Henrico","Richmond",895,99,2397,420,37168,7288,30.8,10.3,3742,780,72,65,31,58,0.373383395911556,0.0773699405547642,2.75,15.77
"51087200201","087","Census Tract 2002.01, Henrico County, Virginia","Henrico","Richmond",1470,184,2603,400,83170,29357,22.6,3.7,2767,361,97,60,45,59,0.564733000384172,0.111927828896323,5.13,32.96
"51087200202","087","Census Tract 2002.02, Henrico County, Virginia","Henrico","Richmond",1673,142,3167,348,58365,12737,29.3,19.6,3983,541,41,32,72,59,0.528260183138617,0.0733473527852329,2.84,16.82
"51087200301","087","Census Tract 2003.01, Henrico County, Virginia","Henrico","Richmond",1583,309,2617,642,76800,34937,26.8,3.4,1700,363,39,31,43,56,0.604891096675583,0.189635134259654,4.82,23.97
"51087200302","087","Census Tract 2003.02, Henrico County, Virginia","Henrico","Richmond",1681,113,2215,204,86823,21609,20.2,4,3175,474,83,55,70,37,0.758916478555305,0.0865333461196963,4.82,19.41
"51087200303","087","Census Tract 2003.03, Henrico County, Virginia","Henrico","Richmond",1431,134,2109,447,55481,19529,29,5.2,2929,316,75,53,75,55,0.678520625889047,0.157222016122058,5.12,34.18
"51087200305","087","Census Tract 2003.05, Henrico County, Virginia","Henrico","Richmond",1334,69,1811,67,53133,23019,35.5,19,4448,684,108,68,68,51,0.736609607951408,0.0468433930681758,3.96,17.4
"51087200404","087","Census Tract 2004.04, Henrico County, Virginia","Henrico","Richmond",1144,54,1531,165,61071,2222,22.9,1.6,2710,491,94,74,37,44,0.7472240365774,0.0879157852329041,4.83,24.03
"51087200407","087","Census Tract 2004.07, Henrico County, Virginia","Henrico","Richmond",1347,75,1772,225,52273,4796,30.5,7.6,5579,881,59,38,210,144,0.760158013544018,0.105393315712592,4.82,20.66
"51087200409","087","Census Tract 2004.09, Henrico County, Virginia","Henrico","Richmond",1414,112,1658,171,47784,15007,36.5,7.3,2971,440,127,100,28,28,0.852834740651387,0.1109045686375,5.22,29.09
"51087200411","087","Census Tract 2004.11, Henrico County, Virginia","Henrico","Richmond",1216,57,1552,213,44493,3882,29.3,6.2,4762,642,314,154,60,57,0.783505154639175,0.113629064495907,7.85,32.87
"51087200412","087","Census Tract 2004.12, Henrico County, Virginia","Henrico","Richmond",1083,31,NA,NA,40110,6845,34.5,4.1,2189,312,143,115,15,16,NA,NA,7.22,41.99
"51087200413","087","Census Tract 2004.13, Henrico County, Virginia","Henrico","Richmond",1827,129,2856,248,NA,NA,35.8,26.6,4544,382,148,96,25,33,0.639705882352941,0.0715947712117879,3.81,33.77
"51087200414","087","Census Tract 2004.14, Henrico County, Virginia","Henrico","Richmond",1727,42,2233,213,62014,33376,28.1,9.3,5980,670,490,277,80,72,0.773399014778325,0.0761324615996292,9.53,52.09
"51087200415","087","Census Tract 2004.15, Henrico County, Virginia","Henrico","Richmond",1728,206,3767,424,60944,21370,36.4,10.8,4585,922,154,79,89,82,0.458720467215291,0.0752087226272012,5.3,17.46
"51087200416","087","Census Tract 2004.16, Henrico County, Virginia","Henrico","Richmond",1387,358,2226,236,75864,22713,22.4,5.4,5675,760,272,137,28,32,0.623090745732255,0.17386520251077,5.29,22.24
"51087200417","087","Census Tract 2004.17, Henrico County, Virginia","Henrico","Richmond",1028,135,2088,1349,39088,8126,28.2,13.6,1991,409,0,13,0,13,0.492337164750958,0.324590159218302,0,6.36
"51087200418","087","Census Tract 2004.18, Henrico County, Virginia","Henrico","Richmond",1235,114,1390,485,43798,16666,35.4,15.6,3056,615,155,133,0,13,0.888489208633094,0.320677503947947,5.07,23.74
"51087200501","087","Census Tract 2005.01, Henrico County, Virginia","Henrico","Richmond",1336,77,1291,95,54104,6421,30.8,4.4,1887,284,164,91,14,21,1.03485670023238,0.0967284692679648,9.43,39.44
"51087200502","087","Census Tract 2005.02, Henrico County, Virginia","Henrico","Richmond",1322,63,1602,120,69167,40909,24,12.6,2018,276,106,59,8,10,0.82521847690387,0.07326327253659,5.65,25
"51087200503","087","Census Tract 2005.03, Henrico County, Virginia","Henrico","Richmond",1218,158,1402,173,45972,15727,30.1,12.7,4568,918,588,413,15,19,0.868758915834522,0.155539057253214,13.2,47.06
"51087200600","087","Census Tract 2006, Henrico County, Virginia","Henrico","Richmond",908,152,1597,120,30794,11593,41.8,16.9,4703,633,247,137,75,64,0.568566061365059,0.104327159722977,6.85,31.75
"51087200700","087","Census Tract 2007, Henrico County, Virginia","Henrico","Richmond",1172,123,1368,141,41250,21333,40.9,13.2,3443,506,139,101,22,25,0.85672514619883,0.126022238803028,4.68,24.9
"51087200801","087","Census Tract 2008.01, Henrico County, Virginia","Henrico","Richmond",1124,59,1423,147,46512,4244,31.9,2.9,2973,252,242,107,54,52,0.789880534082923,0.0915266760093782,9.96,63.1
"51087200802","087","Census Tract 2008.02, Henrico County, Virginia","Henrico","Richmond",1201,117,1671,143,44757,19368,28.1,14.6,1697,220,48,31,8,11,0.718731298623579,0.0931968492780413,3.3,19.09
"51087200805","087","Census Tract 2008.05, Henrico County, Virginia","Henrico","Richmond",852,159,1177,366,17656,13800,31.9,11.3,3784,1007,129,84,0,13,0.723874256584537,0.262521043815689,3.41,9.63
"51087200806","087","Census Tract 2008.06, Henrico County, Virginia","Henrico","Richmond",969,26,1252,112,53150,52707,29.9,20.2,2390,770,473,460,0,13,0.773961661341853,0.072283528220192,19.79,61.43
"51087200807","087","Census Tract 2008.07, Henrico County, Virginia","Henrico","Richmond",1028,85,1577,315,29472,7407,37,7.9,4329,766,281,172,36,57,0.651870640456563,0.14092379792082,7.32,29.9
"51087200904","087","Census Tract 2009.04, Henrico County, Virginia","Henrico","Richmond",1200,233,1923,162,35262,13707,38.7,9.1,6072,791,201,162,114,114,0.62402496099844,0.132077709414443,5.19,34.89
"51087200905","087","Census Tract 2009.05, Henrico County, Virginia","Henrico","Richmond",1137,279,1679,177,49000,24523,26.5,6.6,5215,902,272,176,88,104,0.677188802858845,0.180856283997269,6.9,31.04
"51087200906","087","Census Tract 2009.06, Henrico County, Virginia","Henrico","Richmond",1281,185,1787,122,75890,6104,21.2,3.9,4017,384,215,102,63,49,0.716843872411863,0.114510259300835,6.92,39.32
"51087200907","087","Census Tract 2009.07, Henrico County, Virginia","Henrico","Richmond",1150,165,2344,183,52674,44130,24.3,10.6,3726,605,131,119,42,68,0.49061433447099,0.0801388102796394,4.64,30.91
"51087200908","087","Census Tract 2009.08, Henrico County, Virginia","Henrico","Richmond",1212,154,1500,264,68391,10380,28.1,5.2,3019,376,169,128,0,13,0.808,0.175395438106139,5.6,37.5
"51087201001","087","Census Tract 2010.01, Henrico County, Virginia","Henrico","Richmond",1120,106,1557,149,57700,18204,24.4,4.8,6701,870,338,196,147,149,0.719332048811818,0.0968167442378745,7.24,39.66
"51087201002","087","Census Tract 2010.02, Henrico County, Virginia","Henrico","Richmond",1120,100,1124,230,34410,7685,42.6,7.8,3014,515,74,66,0,13,0.99644128113879,0.222462909540187,2.46,15.34
"51087201003","087","Census Tract 2010.03, Henrico County, Virginia","Henrico","Richmond",1034,89,1100,153,29107,6710,39.3,7.9,6263,968,502,299,135,116,0.94,0.153755178371439,10.17,42.87
"51087201102","087","Census Tract 2011.02, Henrico County, Virginia","Henrico","Richmond",1152,45,1082,96,60875,17549,23.5,3.5,4407,918,318,240,164,211,1.06469500924214,0.103214648555332,10.94,49.13
"51087201103","087","Census Tract 2011.03, Henrico County, Virginia","Henrico","Richmond",966,67,1465,908,31696,8422,38.8,4.6,2984,404,102,124,83,105,0.65938566552901,0.411235043020393,6.2,56.68
"51087201104","087","Census Tract 2011.04, Henrico County, Virginia","Henrico","Richmond",799,116,1340,170,22343,19406,41.2,5.9,3239,454,257,138,41,67,0.596268656716418,0.114961710158263,9.2,45.15
"51087201203","087","Census Tract 2012.03, Henrico County, Virginia","Henrico","Richmond",1399,364,1140,183,NA,NA,25.9,13.3,2449,432,231,145,0,13,1.22719298245614,0.375178752527084,9.43,36.57
"51087201204","087","Census Tract 2012.04, Henrico County, Virginia","Henrico","Richmond",1039,141,1154,155,39472,31194,25.2,15.8,3749,582,264,184,12,20,0.900346620450607,0.17190994645724,7.36,35.05
"51087201205","087","Census Tract 2012.05, Henrico County, Virginia","Henrico","Richmond",1216,219,924,116,34030,11388,34.3,8.7,3282,566,289,181,50,66,1.31601731601732,0.288913342220573,10.33,43.64
"51087201206","087","Census Tract 2012.06, Henrico County, Virginia","Henrico","Richmond",1000,258,1097,151,25000,20991,29.5,20.3,2353,449,84,54,0,13,0.911577028258888,0.26656577310112,3.57,14.92
"51087201403","087","Census Tract 2014.03, Henrico County, Virginia","Henrico","Richmond",1064,103,1635,185,33141,11756,35.3,11,5446,1070,424,251,26,32,0.650764525993884,0.0969049373924676,8.26,26.45
"51087201404","087","Census Tract 2014.04, Henrico County, Virginia","Henrico","Richmond",1093,129,1806,126,66591,39798,19.2,6.9,4338,596,252,122,45,46,0.605204872646733,0.0829751339603705,6.85,28.19
"51087201405","087","Census Tract 2014.05, Henrico County, Virginia","Henrico","Richmond",NA,NA,1359,431,NA,NA,NA,NA,2270,1148,53,75,0,13,NA,NA,2.33,7.67
"51087201406","087","Census Tract 2014.06, Henrico County, Virginia","Henrico","Richmond",1031,57,1173,100,39955,10445,32.5,7.7,3420,401,191,129,0,13,0.878942881500426,0.0893084387256913,5.58,35.41
"51087201502","087","Census Tract 2015.02, Henrico County, Virginia","Henrico","Richmond",1662,462,1822,113,52448,28824,24.8,21.6,5257,736,273,122,42,41,0.91218441273326,0.259801919291095,5.99,22.15
"51087201503","087","Census Tract 2015.03, Henrico County, Virginia","Henrico","Richmond",1155,96,1328,93,50756,22014,25.9,4.5,5235,873,284,149,72,73,0.869728915662651,0.0945273066648903,6.8,25.43
"51087201504","087","Census Tract 2015.04, Henrico County, Virginia","Henrico","Richmond",785,92,1256,232,12486,7035,51,NA,3537,728,25,40,43,53,0.625,0.13672262352664,1.92,12.77
"51087201601","087","Census Tract 2016.01, Henrico County, Virginia","Henrico","Richmond",1133,398,1951,219,71875,64302,16.6,10.7,3555,640,160,105,38,47,0.580727831881087,0.214159937791864,5.57,23.75
"51087201602","087","Census Tract 2016.02, Henrico County, Virginia","Henrico","Richmond",1201,712,1955,228,48081,7810,45.9,23.6,5005,612,195,191,95,95,0.614322250639386,0.371174501898285,5.79,46.73
"51087201701","087","Census Tract 2017.01, Henrico County, Virginia","Henrico","Richmond",1069,92,1309,97,45772,14429,30.6,7,3289,445,123,63,24,28,0.816653934300993,0.0927460899463919,4.47,20.45
"51087980100","087","Census Tract 9801, Henrico County, Virginia","Henrico","Richmond",NA,NA,NA,NA,NA,NA,NA,NA,0,13,0,13,0,13,NA,NA,NA,200
