"GEOID","Gini_IndexE","NAME","Gini_IndexM","Perc_BelowPoverty_WhiteE","BelowPoverty_WhiteE","BelowPoverty_WhiteM","AbovePoverty_WhiteE","AbovePoverty_WhiteM","BelowPoverty_BlackE","BelowPoverty_BlackM","AbovePoverty_BlackE","AbovePoverty_BlackM","BelowPoverty_NativeAmE","BelowPoverty_NativeAmM","AbovePoverty_NativeAmE","AbovePoverty_NativeAmM","BelowPoverty_AsianE","BelowPoverty_AsianM","AbovePoverty_AsianE","AbovePoverty_AsianM","BelowPoverty_PacificIslanderE","BelowPoverty_PacificIslanderM","AbovePoverty_PacificIslanderE","AbovePoverty_PacificIslanderM","BelowPoverty_HispanicLatinoE","BelowPoverty_HispanicLatinoM","AbovePoverty_HispanicLatinoE","AbovePoverty_HispanicLatinoM"
"51540000201",0.4916,"Census Tract 2.01, Charlottesville city, Virginia",0.0467,25.51,508,159,1483,310,56,51,385,132,0,13,0,13,46,49,60,58,0,13,0,13,110,91,178,169
"51540000202",0.5448,"Census Tract 2.02, Charlottesville city, Virginia",0.0525,73.11,2251,426,828,252,214,222,1074,449,0,18,13,24,266,133,151,158,0,18,0,18,141,71,35,37
"51540000302",0.4315,"Census Tract 3.02, Charlottesville city, Virginia",0.0627,7.31,188,118,2384,453,50,53,268,191,13,20,0,13,12,20,50,47,0,13,5,8,0,13,314,263
"51540000401",0.5317,"Census Tract 4.01, Charlottesville city, Virginia",0.0487,2.35,52,46,2159,389,691,255,927,351,0,13,47,61,0,13,190,148,0,13,0,13,26,37,329,201
"51540000402",0.4087,"Census Tract 4.02, Charlottesville city, Virginia",0.045,9.97,338,188,3053,389,87,113,561,297,0,13,19,32,42,58,0,13,0,13,0,13,0,13,48,64
"51540000501",0.4536,"Census Tract 5.01, Charlottesville city, Virginia",0.0527,19.55,315,158,1296,284,777,458,1659,407,0,13,0,13,79,101,197,139,0,13,0,13,5,9,166,135
"51540000502",0.4688,"Census Tract 5.02, Charlottesville city, Virginia",0.0665,12.07,457,269,3328,454,2,4,698,212,0,18,0,18,62,81,270,265,0,18,0,18,135,163,339,227
"51540000600",0.6686,"Census Tract 6, Charlottesville city, Virginia",0.1042,53.96,886,297,756,209,144,148,153,104,0,13,0,13,712,173,128,74,0,13,0,13,85,54,30,34
"51540000700",0.6153,"Census Tract 7, Charlottesville city, Virginia",0.0551,21.75,702,214,2526,321,0,13,71,73,0,13,30,45,20,25,145,78,0,13,0,13,25,24,57,54
"51540000800",0.4402,"Census Tract 8, Charlottesville city, Virginia",0.0404,9.66,256,225,2395,325,48,44,335,183,0,13,0,13,0,13,181,110,0,13,0,13,192,227,36,49
"51540000900",0.4176,"Census Tract 9, Charlottesville city, Virginia",0.086,5.6,103,78,1736,204,16,26,114,90,0,13,0,13,0,13,128,142,0,13,0,13,0,13,4,12
"51540001000",0.5205,"Census Tract 10, Charlottesville city, Virginia",0.0731,6.35,215,102,3170,667,11,22,50,54,0,13,0,13,10,17,41,37,0,13,0,13,0,13,106,101
"51041100106",0.299,"Census Tract 1001.06, Chesterfield County, Virginia",0.041,1.09,36,35,3278,738,4,5,128,145,0,13,0,13,0,13,59,66,0,13,0,13,0,13,23,27
"51041100107",0.4662,"Census Tract 1001.07, Chesterfield County, Virginia",0.1033,20.29,199,129,782,202,476,499,590,157,0,13,13,15,6,9,36,35,0,13,0,13,203,138,505,227
"51041100206",0.3319,"Census Tract 1002.06, Chesterfield County, Virginia",0.0478,6.57,212,127,3013,969,117,112,1885,440,0,18,191,208,0,18,132,114,0,18,13,25,43,83,563,475
"51041100208",0.4069,"Census Tract 1002.08, Chesterfield County, Virginia",0.0498,10.82,177,158,1459,234,0,13,302,104,0,13,0,13,0,13,77,78,0,13,0,13,0,13,95,66
"51041100209",0.3419,"Census Tract 1002.09, Chesterfield County, Virginia",0.0286,8.22,254,170,2836,758,323,420,2711,741,0,18,0,18,22,37,101,117,0,18,18,30,24,40,450,301
"51041100210",0.334,"Census Tract 1002.10, Chesterfield County, Virginia",0.0448,2.45,19,26,756,240,146,117,703,236,0,13,0,13,0,13,73,95,0,13,0,13,0,13,192,142
"51041100211",0.336,"Census Tract 1002.11, Chesterfield County, Virginia",0.0844,8.91,83,124,849,200,17,26,1830,463,0,13,0,13,0,13,0,13,0,13,0,13,341,462,518,179
"51041100212",0.345,"Census Tract 1002.12, Chesterfield County, Virginia",0.045,46.34,664,671,769,292,655,566,2744,925,0,18,0,18,0,18,19,31,0,18,0,18,892,736,781,458
"51041100300",0.3764,"Census Tract 1003, Chesterfield County, Virginia",0.0435,31.07,448,216,994,244,225,170,366,151,0,13,0,13,0,13,101,79,0,13,0,13,225,147,958,371
"51041100403",0.4094,"Census Tract 1004.03, Chesterfield County, Virginia",0.0393,8.16,323,240,3636,650,81,107,1010,394,0,18,16,27,60,94,372,211,0,18,0,18,43,50,602,321
"51041100404",0.4088,"Census Tract 1004.04, Chesterfield County, Virginia",0.0656,32.24,383,144,805,163,42,35,650,454,0,13,23,30,19,28,77,80,0,13,12,19,302,143,677,206
"51041100405",0.3188,"Census Tract 1004.05, Chesterfield County, Virginia",0.0506,26.3,324,155,908,230,87,88,454,212,0,13,70,78,0,13,0,13,0,13,0,13,302,189,494,204
"51041100406",0.4001,"Census Tract 1004.06, Chesterfield County, Virginia",0.0777,30.11,187,73,434,147,445,203,523,232,0,13,0,13,0,13,11,16,0,13,0,13,127,73,188,102
"51041100407",0.3143,"Census Tract 1004.07, Chesterfield County, Virginia",0.0338,12.01,251,139,1839,533,62,54,1233,453,0,13,0,13,0,13,0,13,0,13,0,13,191,180,792,565
"51041100409",0.3064,"Census Tract 1004.09, Chesterfield County, Virginia",0.0355,2.91,146,111,4873,648,147,182,1241,618,0,18,0,18,8,14,14,23,0,18,0,18,0,18,260,98
"51041100410",0.4572,"Census Tract 1004.10, Chesterfield County, Virginia",0.0406,11.11,126,107,1008,323,192,156,592,204,0,13,0,13,0,13,83,137,0,13,0,13,78,104,66,77
"51041100505",0.3936,"Census Tract 1005.05, Chesterfield County, Virginia",0.0489,7.95,370,315,4287,804,84,118,601,362,11,19,37,70,0,18,133,153,0,18,0,18,0,18,314,192
"51041100506",0.4999,"Census Tract 1005.06, Chesterfield County, Virginia",0.1806,6.3,171,222,2542,762,167,105,2318,919,0,18,0,18,0,18,34,27,0,18,0,18,125,143,975,585
"51041100507",0.3498,"Census Tract 1005.07, Chesterfield County, Virginia",0.041,5.16,210,274,3859,441,61,86,2262,872,0,18,0,18,0,18,117,117,0,18,0,18,177,271,635,430
"51041100508",0.341,"Census Tract 1005.08, Chesterfield County, Virginia",0.0619,5.2,179,119,3266,863,121,125,1582,272,0,18,30,35,0,18,75,74,0,18,0,18,9,14,397,412
"51041100509",0.2763,"Census Tract 1005.09, Chesterfield County, Virginia",0.0353,2.97,107,125,3492,415,5,17,2421,783,0,18,0,18,0,18,189,78,0,18,0,18,73,113,540,427
"51041100510",0.359,"Census Tract 1005.10, Chesterfield County, Virginia",0.0496,5.28,132,93,2369,412,0,13,968,370,0,13,0,13,0,13,269,230,0,13,0,13,0,13,250,202
"51041100600",0.3557,"Census Tract 1006, Chesterfield County, Virginia",0.0545,0.76,2,5,262,148,115,89,617,193,0,13,4,7,0,13,0,13,0,13,0,13,40,72,196,181
"51041100701",0.3597,"Census Tract 1007.01, Chesterfield County, Virginia",0.0443,6.48,201,99,2899,591,173,170,1714,506,0,18,3,5,0,18,0,18,0,18,17,31,22,32,252,186
"51041100702",0.4583,"Census Tract 1007.02, Chesterfield County, Virginia",0.1044,2.18,20,16,896,131,175,149,660,166,0,13,1,2,0,13,0,13,0,13,0,13,10,15,18,22
"51041100704",0.46,"Census Tract 1007.04, Chesterfield County, Virginia",0.0835,11.6,456,268,3475,617,0,18,713,273,0,18,0,18,0,18,0,18,0,18,0,18,43,66,55,76
"51041100705",0.3434,"Census Tract 1007.05, Chesterfield County, Virginia",0.0455,0.78,16,18,2041,275,0,13,220,81,0,13,0,13,4,8,0,13,0,13,0,13,4,8,197,189
"51041100804",0.4773,"Census Tract 1008.04, Chesterfield County, Virginia",0.105,8.98,136,150,1378,318,112,118,1992,386,14,22,18,22,21,31,296,152,0,13,0,13,128,174,491,361
"51041100805",0.3105,"Census Tract 1008.05, Chesterfield County, Virginia",0.0581,6.83,157,109,2141,881,215,169,1963,581,15,24,0,18,0,18,23,37,0,18,0,18,15,24,817,234
"51041100806",0.4187,"Census Tract 1008.06, Chesterfield County, Virginia",0.0623,16.33,194,190,994,277,430,342,1313,297,0,13,0,13,0,13,35,47,0,13,13,20,449,337,755,291
"51041100807",0.3091,"Census Tract 1008.07, Chesterfield County, Virginia",0.0516,5.45,46,26,798,176,0,13,581,143,0,13,0,13,0,13,0,13,0,13,0,13,9,15,908,579
"51041100812",0.3588,"Census Tract 1008.12, Chesterfield County, Virginia",0.042,4.42,174,133,3762,471,2,4,990,268,0,18,0,18,0,18,35,51,0,18,0,18,11,19,489,345
"51041100814",0.3206,"Census Tract 1008.14, Chesterfield County, Virginia",0.0501,14.48,285,205,1683,212,0,13,1265,338,0,13,65,100,11,16,53,70,0,13,0,13,0,13,582,164
"51041100815",0.2979,"Census Tract 1008.15, Chesterfield County, Virginia",0.0337,1.64,52,42,3128,836,180,221,1618,528,0,18,0,18,0,18,183,201,0,18,15,24,33,71,1449,917
"51041100816",0.3535,"Census Tract 1008.16, Chesterfield County, Virginia",0.0535,5.28,158,84,2833,386,103,133,818,272,0,13,0,13,7,12,22,25,0,13,0,13,0,13,383,135
"51041100817",0.3388,"Census Tract 1008.17, Chesterfield County, Virginia",0.0373,9.87,208,147,1900,313,14,21,458,165,0,13,0,13,0,13,36,43,0,13,0,13,29,38,423,283
"51041100818",0.3742,"Census Tract 1008.18, Chesterfield County, Virginia",0.1512,4.14,92,97,2130,844,16,18,1841,274,0,13,0,13,0,13,154,182,0,13,0,13,10,18,276,211
"51041100819",0.291,"Census Tract 1008.19, Chesterfield County, Virginia",0.036,3.05,55,73,1750,332,289,305,2745,594,0,18,0,18,0,18,116,106,0,18,0,18,25,43,415,201
"51041100820",0.3663,"Census Tract 1008.20, Chesterfield County, Virginia",0.0516,24.68,192,131,586,219,56,72,2713,1220,0,13,0,13,0,13,313,195,0,13,0,13,113,85,239,155
"51041100821",0.4354,"Census Tract 1008.21, Chesterfield County, Virginia",0.0644,5.42,205,122,3580,367,26,38,301,90,0,13,0,13,0,13,121,97,0,13,10,19,0,13,137,92
"51041100822",0.3354,"Census Tract 1008.22, Chesterfield County, Virginia",0.036,3.12,122,115,3782,444,212,291,772,169,21,26,12,16,0,18,363,182,0,18,0,18,0,18,259,230
"51041100823",0.3166,"Census Tract 1008.23, Chesterfield County, Virginia",0.0397,0.66,24,31,3591,528,46,69,1518,301,0,18,0,18,0,18,207,192,0,18,0,18,2,4,61,50
"51041100902",0.3529,"Census Tract 1009.02, Chesterfield County, Virginia",0.0503,0.94,32,28,3388,270,2,3,332,396,0,13,0,13,0,13,119,97,0,13,0,13,0,13,77,68
"51041100907",0.3927,"Census Tract 1009.07, Chesterfield County, Virginia",0.059,5.29,85,71,1522,353,7,13,188,133,0,13,0,13,0,13,96,89,0,13,0,13,138,141,566,266
"51041100910",0.2882,"Census Tract 1009.10, Chesterfield County, Virginia",0.0316,4.86,174,126,3409,592,28,28,1083,605,0,18,85,88,0,18,0,18,0,18,0,18,0,18,310,123
"51041100912",0.3802,"Census Tract 1009.12, Chesterfield County, Virginia",0.053,1.58,92,72,5732,1045,48,81,353,99,0,18,18,33,0,18,108,85,0,18,0,18,0,18,446,376
"51041100915",0.3588,"Census Tract 1009.15, Chesterfield County, Virginia",0.0421,4.71,142,101,2872,481,44,54,360,111,0,13,0,13,0,13,234,183,0,13,0,13,25,40,154,145
"51041100919",0.3359,"Census Tract 1009.19, Chesterfield County, Virginia",0.0293,2.5,106,66,4135,698,233,246,1387,306,0,18,0,18,0,18,437,299,0,18,0,18,19,31,249,142
"51041100920",0.3688,"Census Tract 1009.20, Chesterfield County, Virginia",0.0508,2.97,26,40,850,191,36,51,432,152,0,13,0,13,0,13,181,121,0,13,0,13,0,13,95,86
"51041100921",0.3727,"Census Tract 1009.21, Chesterfield County, Virginia",0.0372,7.7,318,260,3813,484,0,18,641,239,0,18,0,18,100,162,401,203,0,18,0,18,60,101,583,411
"51041100922",0.3153,"Census Tract 1009.22, Chesterfield County, Virginia",0.0423,3.22,101,59,3036,484,164,170,1215,420,0,13,9,12,12,22,81,77,0,13,30,52,0,13,472,260
"51041100923",0.2491,"Census Tract 1009.23, Chesterfield County, Virginia",0.0442,3.08,57,55,1795,821,8,13,837,331,0,13,39,54,17,25,65,88,0,13,0,13,63,72,144,115
"51109950101",0.3444,"Census Tract 9501.01, Louisa County, Virginia",0.047,2.03,51,82,2457,561,0,13,0,13,0,13,0,13,0,13,45,51,0,13,0,13,0,13,0,13
"51109950102",0.4795,"Census Tract 9501.02, Louisa County, Virginia",0.1213,12.25,446,257,3196,460,127,149,542,260,0,13,0,13,0,13,75,82,0,13,0,13,154,183,194,172
"51109950201",0.4807,"Census Tract 9502.01, Louisa County, Virginia",0.0521,9,325,190,3286,381,508,234,703,213,0,18,13,20,0,18,15,20,0,18,0,18,75,57,341,188
"51109950202",0.4382,"Census Tract 9502.02, Louisa County, Virginia",0.0815,9.95,353,120,3196,456,68,64,672,249,0,13,35,27,0,13,0,13,0,13,0,13,0,13,98,75
"51109950301",0.4147,"Census Tract 9503.01, Louisa County, Virginia",0.1284,2.87,85,145,2877,394,64,70,436,278,0,13,0,13,0,13,19,24,0,13,0,13,0,13,0,13
"51109950302",0.3766,"Census Tract 9503.02, Louisa County, Virginia",0.0687,10.96,271,202,2201,653,96,146,331,157,0,13,0,13,0,13,12,20,0,13,0,13,0,13,17,29
"51109950303",0.3402,"Census Tract 9503.03, Louisa County, Virginia",0.0725,11.74,303,276,2277,318,0,13,361,242,0,13,0,13,0,13,11,23,0,13,0,13,0,13,18,32
"51109950400",0.4491,"Census Tract 9504, Louisa County, Virginia",0.0789,4.58,95,82,1980,331,178,154,569,128,0,13,0,13,0,13,19,28,0,13,0,13,0,13,110,152
"51109950500",0.4265,"Census Tract 9505, Louisa County, Virginia",0.0584,8.41,465,278,5065,771,185,164,324,161,0,18,0,18,0,18,0,18,0,18,0,18,22,34,107,104
"51041100924",0.4893,"Census Tract 1009.24, Chesterfield County, Virginia",0.0595,2.71,117,85,4208,438,10,16,194,217,0,18,0,18,0,18,424,183,0,18,0,18,15,24,158,109
"51041100926",0.5125,"Census Tract 1009.26, Chesterfield County, Virginia",0.072,1.6,91,66,5590,1061,0,18,147,146,0,18,0,18,0,18,394,126,0,18,0,18,49,62,280,220
"51041100928",0.4066,"Census Tract 1009.28, Chesterfield County, Virginia",0.0334,2.6,130,94,4867,587,139,129,1119,563,0,18,0,18,68,97,682,257,0,18,0,18,91,114,215,244
"51041100929",0.4109,"Census Tract 1009.29, Chesterfield County, Virginia",0.0865,1.67,80,71,4701,519,2,4,534,190,0,18,0,18,298,201,407,273,0,18,0,18,0,18,197,133
"51041100930",0.3029,"Census Tract 1009.30, Chesterfield County, Virginia",0.0343,0.76,25,31,3262,574,0,13,61,48,0,13,0,13,0,13,116,101,0,13,0,13,19,28,97,87
"51041100931",0.3461,"Census Tract 1009.31, Chesterfield County, Virginia",0.0451,3.56,155,183,4197,611,0,18,418,271,0,18,32,36,0,18,70,81,0,18,0,18,0,18,21,34
"51041100932",0.4239,"Census Tract 1009.32, Chesterfield County, Virginia",0.1294,1.86,49,43,2592,291,31,34,386,115,0,13,0,13,0,13,119,139,0,13,0,13,9,17,130,135
"51041100933",0.3659,"Census Tract 1009.33, Chesterfield County, Virginia",0.0766,6.03,112,117,1746,429,7,12,485,178,0,13,7,11,22,35,12,20,0,13,0,13,0,13,149,168
"51041100934",0.3508,"Census Tract 1009.34, Chesterfield County, Virginia",0.0412,7.47,302,169,3741,390,4,4,1390,537,0,18,0,18,0,18,33,37,0,18,0,18,0,18,596,114
"51041100935",0.3985,"Census Tract 1009.35, Chesterfield County, Virginia",0.0442,2.48,101,81,3972,561,0,13,7,13,0,13,0,13,0,13,30,34,0,13,0,13,0,13,56,52
"51041100936",0.3908,"Census Tract 1009.36, Chesterfield County, Virginia",0.0641,3.17,120,138,3668,557,26,29,85,71,0,13,0,13,0,13,50,67,0,13,0,13,8,18,200,136
"51041100937",0.3279,"Census Tract 1009.37, Chesterfield County, Virginia",0.0414,3.02,94,89,3016,341,0,13,514,233,0,13,0,13,0,13,88,100,0,13,0,13,0,13,471,302
"51041100938",0.6044,"Census Tract 1009.38, Chesterfield County, Virginia",0.0666,1.03,61,73,5865,1388,0,18,454,230,0,18,0,18,0,18,594,163,0,18,0,18,0,18,69,75
"51041101003",0.3884,"Census Tract 1010.03, Chesterfield County, Virginia",0.0432,3.13,253,214,7835,992,0,18,896,296,0,18,0,18,0,18,318,92,0,18,0,18,24,43,476,261
"51041101004",0.3654,"Census Tract 1010.04, Chesterfield County, Virginia",0.0522,3.3,124,125,3634,483,0,13,482,235,0,13,21,32,0,13,83,111,0,13,0,13,26,39,276,225
"51041101007",0.3812,"Census Tract 1010.07, Chesterfield County, Virginia",0.041,3.2,170,136,5136,629,17,23,412,212,0,18,0,18,0,18,170,134,0,18,0,18,0,18,355,385
"51041101008",0.3996,"Census Tract 1010.08, Chesterfield County, Virginia",0.0624,2.26,100,108,4321,608,0,18,539,101,0,18,0,18,23,37,302,213,0,18,0,18,0,18,255,186
"51041101009",0.3432,"Census Tract 1010.09, Chesterfield County, Virginia",0.0475,3.14,171,139,5273,828,73,95,1100,426,0,18,33,51,0,18,942,580,0,18,0,18,0,18,202,179
"51041101011",0.2509,"Census Tract 1010.11, Chesterfield County, Virginia",0.0363,3.14,71,82,2189,259,0,13,459,73,0,13,9,17,0,13,51,45,0,13,0,13,0,13,281,158
"51041101012",0.3198,"Census Tract 1010.12, Chesterfield County, Virginia",0.0415,6.43,258,181,3752,464,340,245,699,397,0,18,0,18,0,18,78,89,0,18,0,18,0,18,81,89
"51041101013",0.2945,"Census Tract 1010.13, Chesterfield County, Virginia",0.0306,1.38,45,47,3205,478,54,65,419,255,0,13,17,27,0,13,0,13,0,13,0,13,34,46,57,54
"51041101014",0.3405,"Census Tract 1010.14, Chesterfield County, Virginia",0.0515,1.14,20,33,1740,274,114,112,341,347,0,13,26,43,0,13,172,132,0,13,0,13,0,13,97,148
"51041101015",0.2815,"Census Tract 1010.15, Chesterfield County, Virginia",0.0328,2.64,113,94,4164,427,9,17,892,332,0,18,0,18,0,18,404,249,0,18,0,18,14,22,303,167
"51125950101",0.3918,"Census Tract 9501.01, Nelson County, Virginia",0.069,21.3,590,297,2180,468,0,13,442,157,0,13,0,13,0,13,0,13,0,13,0,13,0,13,191,199
"51125950102",0.5953,"Census Tract 9501.02, Nelson County, Virginia",0.0739,4.5,84,85,1783,406,287,297,36,63,0,13,0,13,0,13,0,13,0,13,0,13,38,48,169,150
"51125950201",0.4415,"Census Tract 9502.01, Nelson County, Virginia",0.1015,3.13,63,59,1952,269,3,7,123,76,0,13,0,13,0,13,0,13,0,13,0,13,0,13,35,50
"51125950202",0.4525,"Census Tract 9502.02, Nelson County, Virginia",0.0716,3.34,87,100,2516,483,3,7,106,94,0,13,0,13,0,13,31,43,0,13,0,13,0,13,58,52
"51125950300",0.4709,"Census Tract 9503, Nelson County, Virginia",0.0594,12.73,408,223,2798,380,127,123,805,256,0,13,0,13,14,27,0,13,0,13,0,13,39,62,115,118
"51670820100",0.4777,"Census Tract 8201, Hopewell city, Virginia",0.0715,20.78,160,88,610,237,333,236,278,152,0,13,5,8,0,13,22,36,0,13,0,13,0,13,120,92
"51670820300",0.444,"Census Tract 8203, Hopewell city, Virginia",0.059,21.14,285,179,1063,315,563,243,347,202,0,13,0,13,74,75,115,148,0,13,0,13,157,153,7,11
"51670820400",0.4343,"Census Tract 8204, Hopewell city, Virginia",0.0445,10.34,299,204,2592,459,947,485,1916,503,0,18,0,18,0,18,0,18,0,18,0,18,160,170,373,200
"51670820500",0.3802,"Census Tract 8205, Hopewell city, Virginia",0.0368,10.71,301,229,2509,418,132,107,1009,367,0,13,21,35,0,13,0,13,0,13,0,13,0,13,221,155
"51670820600",0.4446,"Census Tract 8206, Hopewell city, Virginia",0.0574,20.86,534,304,2026,417,780,449,1582,568,0,18,0,18,0,18,91,120,0,18,0,18,203,247,362,180
"51670820700",0.3801,"Census Tract 8207, Hopewell city, Virginia",0.0438,38.76,295,237,466,196,392,165,1345,322,0,13,0,13,0,13,0,13,0,13,0,13,90,124,198,115
"51670980100",NA,"Census Tract 9801, Hopewell city, Virginia",NA,NA,0,13,0,13,0,13,0,13,0,13,0,13,0,13,0,13,0,13,0,13,0,13,0,13
"51730810100",0.4273,"Census Tract 8101, Petersburg city, Virginia",0.0532,5.84,8,12,129,85,838,314,1140,378,0,13,0,13,0,13,0,13,0,13,0,13,19,29,93,106
"51730810300",0.4368,"Census Tract 8103, Petersburg city, Virginia",0.0873,5.72,48,33,791,310,395,257,1084,325,0,13,0,13,2,5,0,13,0,13,0,13,0,13,158,179
"51730810400",0.4227,"Census Tract 8104, Petersburg city, Virginia",0.0912,0,0,13,119,81,361,170,1048,413,119,66,7,14,0,13,0,13,0,13,0,13,0,13,0,13
"51730810500",0.4588,"Census Tract 8105, Petersburg city, Virginia",0.1143,24.66,18,19,55,46,610,234,2042,323,0,13,0,13,0,13,19,30,0,13,0,13,10,18,271,249
"51730810600",0.5018,"Census Tract 8106, Petersburg city, Virginia",0.0566,0,0,13,2,4,575,211,947,239,0,13,0,13,10,15,53,50,0,13,9,10,0,13,0,13
"51730810700",0.5605,"Census Tract 8107, Petersburg city, Virginia",0.1436,71.92,146,152,57,53,325,225,1543,536,0,13,0,13,0,13,0,13,0,13,0,13,0,13,0,13
"51730810900",0.4353,"Census Tract 8109, Petersburg city, Virginia",0.0785,15.7,57,53,306,78,534,271,1869,432,0,13,0,13,0,13,6,11,0,13,0,13,77,118,5,10
"51730811000",0.3748,"Census Tract 8110, Petersburg city, Virginia",0.0387,12.14,164,79,1187,198,365,153,2601,595,0,13,0,13,0,13,16,23,0,13,0,13,0,13,134,102
"51730811100",0.3626,"Census Tract 8111, Petersburg city, Virginia",0.0469,9.67,50,41,467,143,177,142,1825,502,0,13,8,20,9,15,94,54,0,13,0,13,0,13,73,69
"51730811200",0.4658,"Census Tract 8112, Petersburg city, Virginia",0.1423,13.89,81,56,502,299,593,285,2265,495,0,13,0,13,21,28,71,80,0,13,0,13,150,192,467,289
"51730811300",0.5014,"Census Tract 8113, Petersburg city, Virginia",0.1224,45.72,315,228,374,140,738,268,1539,351,0,13,0,13,0,13,0,13,0,13,0,13,0,13,24,27
"51760010201",0.5017,"Census Tract 102.01, Richmond city, Virginia",0.1257,0.85,14,23,1639,453,164,160,629,309,0,13,0,13,0,13,45,57,0,13,0,13,0,13,0,13
"51760010202",0.4338,"Census Tract 102.02, Richmond city, Virginia",0.1361,4.23,64,63,1448,415,26,39,531,293,0,13,0,13,0,13,0,13,0,13,0,13,0,13,48,55
"51760010300",0.4577,"Census Tract 103, Richmond city, Virginia",0.0421,2.25,5,8,217,178,975,492,662,186,8,15,0,13,0,13,0,13,0,13,0,13,16,20,0,13
"51760010401",0.4892,"Census Tract 104.01, Richmond city, Virginia",0.0458,1.25,23,29,1821,299,328,158,400,189,0,13,0,13,0,13,36,51,0,13,0,13,11,17,94,79
"51760010402",0.4722,"Census Tract 104.02, Richmond city, Virginia",0.0496,7.88,139,68,1625,354,222,121,588,223,0,13,0,13,0,13,0,13,0,13,0,13,14,23,31,44
"51760010500",0.4484,"Census Tract 105, Richmond city, Virginia",0.0446,2.16,6,9,272,86,45,26,1021,234,0,13,0,13,0,13,31,38,0,13,0,13,0,13,8,10
"51760010600",0.4177,"Census Tract 106, Richmond city, Virginia",0.0536,1.56,14,15,881,319,182,106,918,172,4,7,23,36,5,9,26,23,0,13,0,13,0,13,36,39
"51760010700",0.4263,"Census Tract 107, Richmond city, Virginia",0.0843,6.19,33,27,500,162,334,237,1691,395,0,13,6,11,0,13,0,13,0,13,0,13,18,28,28,49
"51760010800",0.4539,"Census Tract 108, Richmond city, Virginia",0.0444,0,0,13,306,158,1193,437,3222,1052,7,10,8,14,4,12,72,87,0,13,0,13,7,10,118,101
"51760010900",0.5013,"Census Tract 109, Richmond city, Virginia",0.1172,36.34,169,112,296,106,426,200,1893,649,0,13,0,13,0,13,0,13,0,13,0,13,5,10,24,24
"51760011000",0.4446,"Census Tract 110, Richmond city, Virginia",0.0451,11.87,47,39,349,137,449,296,1977,461,0,13,0,13,33,51,20,29,0,13,0,13,0,13,41,42
"51760011100",0.4602,"Census Tract 111, Richmond city, Virginia",0.0634,16.61,101,52,507,162,322,172,1219,277,14,20,0,13,31,40,15,14,0,13,0,13,40,29,16,25
"51760020100",0.4864,"Census Tract 201, Richmond city, Virginia",0.133,44.62,29,45,36,53,827,249,750,336,0,13,0,13,0,13,21,32,0,13,0,13,39,60,0,13
"51760020200",0.4793,"Census Tract 202, Richmond city, Virginia",0.0633,86.05,37,61,6,10,2571,859,1563,542,0,13,0,13,0,13,0,13,0,13,0,13,33,52,20,29
"51760020300",0.4812,"Census Tract 203, Richmond city, Virginia",0.0723,15.22,49,43,273,117,430,185,899,232,0,13,0,13,0,13,36,49,0,13,0,13,4,6,23,44
"51760020400",0.5731,"Census Tract 204, Richmond city, Virginia",0.0809,58.59,116,105,82,81,1692,384,1651,482,0,13,0,13,0,13,0,13,0,13,0,13,19,31,39,62
"51760020501",0.3852,"Census Tract 205.01, Richmond city, Virginia",0.0484,10.62,171,115,1439,446,295,228,900,220,0,13,0,13,9,10,1,3,0,13,0,13,49,62,163,97
"51760020502",0.4099,"Census Tract 205.02, Richmond city, Virginia",0.0453,18.01,304,214,1384,337,65,60,743,574,0,13,0,13,103,93,203,62,0,13,0,13,28,34,113,116
"51760020600",0.4121,"Census Tract 206, Richmond city, Virginia",0.0443,11.11,186,87,1488,526,34,23,445,214,0,13,6,8,25,38,68,50,0,13,0,13,8,12,32,24
"51760020700",0.6393,"Census Tract 207, Richmond city, Virginia",0.1393,4.06,14,18,331,84,260,94,629,190,0,13,0,13,20,32,22,26,0,13,0,13,0,13,18,17
"51760020800",0.4183,"Census Tract 208, Richmond city, Virginia",0.0473,7.22,110,56,1413,320,67,75,467,456,0,13,11,18,11,17,29,37,0,13,0,13,0,13,37,38
"51760020900",0.5309,"Census Tract 209, Richmond city, Virginia",0.133,7.64,37,24,447,124,164,77,2161,569,0,13,0,13,9,11,0,13,0,13,0,13,55,69,150,148
"51760021000",0.5745,"Census Tract 210, Richmond city, Virginia",0.108,6.68,28,33,391,155,780,359,1488,876,0,13,0,13,0,13,0,13,0,13,0,13,1,3,42,35
"51760021100",0.4192,"Census Tract 211, Richmond city, Virginia",0.0436,5.23,18,23,326,133,309,107,928,339,0,13,0,13,0,13,0,13,0,13,0,13,0,13,48,68
"51760021200",0.416,"Census Tract 212, Richmond city, Virginia",0.0589,6.73,21,22,291,116,430,239,972,361,0,13,14,26,0,13,0,13,0,13,0,13,0,13,3,5
"51760030100",0.4414,"Census Tract 301, Richmond city, Virginia",0.0652,100,32,54,0,13,1533,265,893,451,0,13,0,13,1,4,0,13,0,13,0,13,0,13,0,13
"51760030200",0.4785,"Census Tract 302, Richmond city, Virginia",0.0677,22.91,244,108,821,340,477,247,994,724,0,13,0,13,25,27,4,5,0,13,0,13,39,39,38,25
"51760030501",0.6917,"Census Tract 305.01, Richmond city, Virginia",0.172,57.63,699,287,514,154,321,254,149,145,0,13,21,36,135,81,66,50,0,13,0,13,65,78,98,76
"51760030502",0.4204,"Census Tract 305.02, Richmond city, Virginia",0.0901,12.41,162,97,1143,293,0,13,312,186,0,13,0,13,94,59,53,50,0,13,0,13,19,23,56,49
"51760040201",0.4206,"Census Tract 402.01, Richmond city, Virginia",0.0628,45.17,262,111,318,155,448,277,333,187,0,13,0,13,7,11,9,23,0,13,0,13,31,39,20,26
"51760040202",0.4631,"Census Tract 402.02, Richmond city, Virginia",0.062,14,225,105,1382,270,200,129,177,102,0,13,0,13,73,62,63,46,0,13,0,13,20,32,51,46
"51760040300",0.7044,"Census Tract 403, Richmond city, Virginia",0.0502,57.96,233,84,169,54,141,85,10,16,7,12,0,13,36,26,30,29,0,13,0,13,26,24,0,13
"51760040400",0.64,"Census Tract 404, Richmond city, Virginia",0.0332,34.66,1101,301,2076,498,284,222,178,98,0,13,0,13,91,89,0,13,0,13,0,13,108,59,162,107
"51760040500",0.5811,"Census Tract 405, Richmond city, Virginia",0.0665,11.82,343,145,2558,328,110,122,143,93,0,13,0,13,19,25,61,51,0,13,0,13,22,28,181,115
"51760040600",0.4027,"Census Tract 406, Richmond city, Virginia",0.04,13.53,215,133,1374,286,83,77,130,141,0,13,0,13,53,40,73,70,0,13,0,13,0,13,72,60
"51760040700",0.3918,"Census Tract 407, Richmond city, Virginia",0.0339,3.27,71,50,2097,367,30,30,41,32,0,13,0,13,0,13,55,47,0,13,0,13,51,62,60,65
"51760040800",0.4751,"Census Tract 408, Richmond city, Virginia",0.0665,8.46,104,57,1126,147,0,13,39,47,0,13,3,5,17,25,30,29,0,13,0,13,3,4,57,50
"51760040900",0.4261,"Census Tract 409, Richmond city, Virginia",0.053,1.66,39,26,2311,513,4,3,114,94,0,13,1,2,2,4,15,22,0,13,0,13,3,6,34,29
"51760041000",0.4934,"Census Tract 410, Richmond city, Virginia",0.0662,6.06,124,64,1921,299,8,13,100,85,0,13,0,13,28,43,76,76,0,13,0,13,14,22,96,112
"51760041100",0.4396,"Census Tract 411, Richmond city, Virginia",0.0425,15,465,169,2634,536,232,128,88,59,0,13,0,13,14,19,48,39,0,13,0,13,31,30,143,110
"51760041200",0.5417,"Census Tract 412, Richmond city, Virginia",0.1062,32.43,360,155,750,137,28,38,101,98,0,13,0,13,15,19,10,9,0,13,0,13,26,23,28,32
"51760041300",0.5551,"Census Tract 413, Richmond city, Virginia",0.2095,13.61,140,100,889,277,372,134,1553,485,0,13,0,13,36,42,16,13,0,13,0,13,35,41,52,48
"51760041400",0.4646,"Census Tract 414, Richmond city, Virginia",0.0752,9.66,91,59,851,180,66,45,1208,356,0,13,0,13,3,4,30,32,0,13,0,13,24,26,26,25
"51760041600",0.4899,"Census Tract 416, Richmond city, Virginia",0.1293,1.46,12,13,812,136,15,16,389,81,0,13,0,13,0,13,65,69,0,13,0,13,0,13,0,13
"51760050100",0.5099,"Census Tract 501, Richmond city, Virginia",0.0436,4.51,122,67,2583,386,111,104,145,69,0,13,0,13,20,31,44,38,0,13,0,13,0,13,11,20
"51760050200",0.3451,"Census Tract 502, Richmond city, Virginia",0.0352,1.21,35,39,2853,368,0,13,0,13,0,13,0,13,0,13,56,59,0,13,0,13,0,13,90,102
"51760050300",0.4894,"Census Tract 503, Richmond city, Virginia",0.0637,8.87,120,73,1233,159,0,13,0,13,0,13,4,6,0,13,35,31,0,13,0,13,0,13,22,21
"51065020101",0.3325,"Census Tract 201.01, Fluvanna County, Virginia",0.0326,1.6,66,66,4053,525,20,35,858,266,0,18,0,18,115,102,16,16,0,18,0,18,0,18,32,31
"51065020103",0.7173,"Census Tract 201.03, Fluvanna County, Virginia",0.2189,3.73,98,115,2529,495,82,69,436,294,0,13,0,13,0,13,197,242,0,13,26,44,0,13,257,249
"51065020104",0.3493,"Census Tract 201.04, Fluvanna County, Virginia",0.0381,1.32,68,88,5077,486,0,18,439,127,0,18,0,18,0,18,16,22,0,18,0,18,100,156,127,100
"51760050400",0.4429,"Census Tract 504, Richmond city, Virginia",0.0634,1.42,34,28,2366,266,6,10,110,145,0,13,0,13,0,13,29,33,0,13,0,13,0,13,17,26
"51760050500",0.5284,"Census Tract 505, Richmond city, Virginia",0.0417,0.96,27,24,2779,371,38,22,10,17,9,18,11,18,0,18,0,18,0,18,0,18,0,18,44,40
"51760050600",0.4714,"Census Tract 506, Richmond city, Virginia",0.0398,0.46,12,12,2588,321,0,13,79,114,0,13,0,13,0,13,117,119,0,13,0,13,0,13,39,31
"51760060200",0.4805,"Census Tract 602, Richmond city, Virginia",0.1511,22.6,80,44,274,158,272,169,1772,448,0,13,0,13,7,15,4,6,0,13,0,13,5,7,57,61
"51760060400",0.4252,"Census Tract 604, Richmond city, Virginia",0.0789,23.28,348,357,1147,330,1447,752,2520,985,0,18,0,18,13,25,0,18,0,18,0,18,242,347,31,50
"51760060501",0.4066,"Census Tract 605.01, Richmond city, Virginia",0.0832,4.99,59,64,1123,299,406,219,129,114,0,13,0,13,21,31,70,69,0,13,0,13,0,13,75,106
"51760060502",0.5225,"Census Tract 605.02, Richmond city, Virginia",0.0653,8.26,172,115,1910,322,159,119,1560,615,0,13,0,13,0,13,0,13,0,13,0,13,0,13,26,31
"51760060600",0.437,"Census Tract 606, Richmond city, Virginia",0.091,4.14,104,75,2411,418,0,13,104,77,0,13,0,13,0,13,10,17,0,13,0,13,0,13,59,66
"51760060700",0.438,"Census Tract 607, Richmond city, Virginia",0.0454,31.91,210,209,448,230,1417,459,3050,841,0,18,16,31,0,18,0,18,0,18,20,33,39,62,261,197
"51760060800",0.3698,"Census Tract 608, Richmond city, Virginia",0.041,52.02,348,192,321,144,742,369,1512,384,0,13,0,13,0,13,55,78,0,13,0,13,436,228,439,217
"51760060900",0.4688,"Census Tract 609, Richmond city, Virginia",0.083,34.95,216,132,402,233,295,208,235,163,0,13,0,13,0,13,30,42,0,13,0,13,76,76,539,340
"51760061001",0.4158,"Census Tract 610.01, Richmond city, Virginia",0.0717,3.02,26,34,836,273,628,270,1172,400,0,13,0,13,10,18,0,13,0,13,0,13,0,13,8,15
"51760061002",0.3637,"Census Tract 610.02, Richmond city, Virginia",0.0949,5.15,97,73,1787,481,150,107,712,332,0,13,0,13,28,54,19,16,0,13,0,13,38,60,82,66
"51760070100",0.4277,"Census Tract 701, Richmond city, Virginia",0.0629,4.87,227,183,4434,532,7,6,480,149,0,18,0,18,0,18,121,114,0,18,0,18,0,18,22,43
"51760070300",0.4615,"Census Tract 703, Richmond city, Virginia",0.0872,6.65,122,111,1713,321,98,84,1175,307,0,13,0,13,0,13,4,6,0,13,0,13,0,13,22,29
"51760070400",0.3994,"Census Tract 704, Richmond city, Virginia",0.0624,2.87,85,94,2877,282,168,157,487,155,0,13,0,13,0,13,282,172,0,13,0,13,0,13,48,36
"51760070601",0.3816,"Census Tract 706.01, Richmond city, Virginia",0.0543,25.66,601,274,1741,398,435,256,2132,765,0,18,20,29,74,96,0,18,0,18,0,18,653,283,2132,584
"51760070602",0.4032,"Census Tract 706.02, Richmond city, Virginia",0.1248,12.67,83,60,572,233,216,180,1460,267,0,13,0,13,0,13,63,55,0,13,0,13,85,60,527,181
"51760070700",0.3708,"Census Tract 707, Richmond city, Virginia",0.0353,14.33,216,149,1291,388,629,259,3909,1127,0,18,0,18,0,18,39,49,0,18,0,18,215,143,1267,440
"51760070802",0.4341,"Census Tract 708.02, Richmond city, Virginia",0.0685,30.06,377,281,877,327,69,110,786,191,0,13,0,13,40,50,0,13,0,13,0,13,190,170,695,323
"51760070803",0.4731,"Census Tract 708.03, Richmond city, Virginia",0.0519,41.14,527,350,754,354,1056,387,2052,635,0,13,50,56,0,13,0,13,0,13,0,13,54,56,693,360
"51760070804",0.4394,"Census Tract 708.04, Richmond city, Virginia",0.1283,7.65,53,36,640,260,132,171,1866,546,12,19,0,13,0,13,0,13,0,13,0,13,12,19,215,87
"51760070901",0.4105,"Census Tract 709.01, Richmond city, Virginia",0.0574,31.76,424,384,911,387,648,328,2833,1177,0,18,0,18,0,18,0,18,0,18,0,18,10,22,1557,637
"51760070902",0.386,"Census Tract 709.02, Richmond city, Virginia",0.0892,36.59,225,256,390,257,872,637,1272,544,0,13,0,13,1,4,0,13,0,13,0,13,107,159,62,88
"51760071002",0.365,"Census Tract 710.02, Richmond city, Virginia",0.0443,9.14,122,131,1213,481,285,134,2168,676,20,30,0,13,107,78,12,19,0,13,0,13,89,111,307,371
"51760071003",0.3419,"Census Tract 710.03, Richmond city, Virginia",0.0704,9.2,46,54,454,165,363,358,1533,307,0,13,0,13,13,21,0,13,0,13,0,13,0,13,56,64
"51760071004",0.5306,"Census Tract 710.04, Richmond city, Virginia",0.0807,58.67,44,47,31,49,976,322,778,577,0,13,0,13,0,13,15,56,0,13,0,13,0,13,111,167
"51760071100",0.4865,"Census Tract 711, Richmond city, Virginia",0.1323,9.06,238,164,2390,447,987,544,1427,436,0,18,53,66,0,18,142,100,0,18,0,18,0,18,119,98
"51065020200",0.421,"Census Tract 202, Fluvanna County, Virginia",0.0423,5.08,189,183,3529,581,160,134,864,207,0,13,18,32,0,13,0,13,0,13,0,13,21,34,285,181
"51065020300",0.4074,"Census Tract 203, Fluvanna County, Virginia",0.0529,3.94,182,110,4442,701,23,41,600,323,0,18,0,18,0,18,24,30,0,18,0,18,0,18,82,82
"51003010100",0.5178,"Census Tract 101, Albemarle County, Virginia",0.0787,6.23,274,175,4124,625,4,28,139,136,0,13,0,13,0,13,6,9,0,13,6,11,14,27,65,64
"51003010201",0.3644,"Census Tract 102.01, Albemarle County, Virginia",0.042,4.04,192,239,4555,523,15,20,268,125,0,18,15,22,11,18,86,65,0,18,0,18,0,18,151,90
"51003010202",0.4283,"Census Tract 102.02, Albemarle County, Virginia",0.0499,3.78,104,73,2647,418,0,13,29,37,0,13,0,13,7,11,45,51,0,13,0,13,0,13,131,139
"51003010301",0.3633,"Census Tract 103.01, Albemarle County, Virginia",0.0913,19.99,329,168,1317,517,0,13,179,199,0,13,0,13,104,120,39,118,0,13,0,13,10,18,19,34
"51003010302",0.3938,"Census Tract 103.02, Albemarle County, Virginia",0.0925,1.03,12,21,1156,171,0,13,17,28,0,13,0,13,0,13,0,13,0,13,0,13,0,13,191,164
"51003010303",0.3281,"Census Tract 103.03, Albemarle County, Virginia",0.0316,2.91,130,109,4338,684,0,18,233,173,0,18,0,18,0,18,384,189,0,18,0,18,0,18,411,229
"51003010401",0.5762,"Census Tract 104.01, Albemarle County, Virginia",0.0592,5.73,217,107,3571,631,8,14,347,178,0,13,32,43,0,13,0,13,0,13,0,13,0,13,53,64
"51003010402",0.4767,"Census Tract 104.02, Albemarle County, Virginia",0.0515,3.99,104,95,2501,411,0,13,70,82,0,13,15,25,0,13,144,116,0,13,0,13,0,13,17,26
"51003010501",0.3235,"Census Tract 105.01, Albemarle County, Virginia",0.0454,3.18,63,63,1918,359,0,13,229,203,0,13,0,13,0,13,388,316,0,13,0,13,0,13,107,104
"51003010502",0.4285,"Census Tract 105.02, Albemarle County, Virginia",0.0804,1.11,24,30,2129,464,6,11,802,467,21,34,0,13,0,13,83,81,0,13,0,13,0,13,0,13
"51003010602",0.3881,"Census Tract 106.02, Albemarle County, Virginia",0.0416,5.67,217,108,3609,438,0,13,310,130,0,13,0,13,0,13,71,67,0,13,0,13,12,20,149,93
"51003010603",0.3344,"Census Tract 106.03, Albemarle County, Virginia",0.0547,4.4,59,78,1282,342,21,37,210,178,0,13,0,13,0,13,180,196,0,13,0,13,0,13,123,125
"51079030101",0.4782,"Census Tract 301.01, Greene County, Virginia",0.0693,8.24,250,110,2783,408,68,75,296,308,0,13,0,13,20,31,0,13,0,13,0,13,26,48,284,202
"51079030102",0.4432,"Census Tract 301.02, Greene County, Virginia",0.0599,11.04,469,285,3779,565,134,175,174,143,0,18,21,30,0,18,126,88,0,18,0,18,0,18,317,208
"51079030201",0.3149,"Census Tract 302.01, Greene County, Virginia",0.031,2.42,133,95,5365,599,0,18,609,175,0,18,21,31,7,14,140,92,0,18,0,18,315,198,234,67
"51079030202",0.3361,"Census Tract 302.02, Greene County, Virginia",0.0774,4.95,173,223,3321,501,0,13,217,234,0,13,0,13,0,13,114,138,0,13,0,13,0,13,0,13
"51003010604",0.4619,"Census Tract 106.04, Albemarle County, Virginia",0.0775,4.95,153,134,2940,615,458,219,369,215,0,13,0,13,46,72,315,222,0,13,0,13,0,13,79,80
"51003010701",0.4606,"Census Tract 107.01, Albemarle County, Virginia",0.0636,5.98,85,67,1336,497,205,251,492,277,0,13,17,27,12,86,421,220,0,13,0,13,6,11,142,144
"51003010702",0.437,"Census Tract 107.02, Albemarle County, Virginia",0.1002,2.73,66,61,2349,534,168,133,404,292,7,22,0,13,0,13,76,69,0,13,0,13,32,43,347,212
"51003010801",0.4161,"Census Tract 108.01, Albemarle County, Virginia",0.0674,9.36,195,159,1889,347,7,12,320,197,0,13,26,38,0,13,345,199,0,13,0,13,86,118,252,218
"51003010802",0.4903,"Census Tract 108.02, Albemarle County, Virginia",0.0789,9.56,167,170,1579,354,0,13,460,309,1,11,53,80,0,13,24,31,0,13,21,28,9,15,242,265
"51003010901",0.5433,"Census Tract 109.01, Albemarle County, Virginia",0.0602,29.54,301,125,718,167,0,13,50,77,0,13,5,9,42,34,57,37,0,13,0,13,11,16,42,25
"51003010904",0.5407,"Census Tract 109.04, Albemarle County, Virginia",0.0703,38.97,334,182,523,159,0,18,29,32,0,18,0,18,42,38,130,64,0,18,0,18,66,56,381,244
"51003011000",0.4814,"Census Tract 110, Albemarle County, Virginia",0.0607,1.42,90,66,6233,749,0,18,25,30,0,18,13,26,44,69,200,163,0,18,0,18,1,2,232,221
"51003011101",0.3912,"Census Tract 111.01, Albemarle County, Virginia",0.0596,0.62,12,22,1915,327,4,5,19,23,0,13,0,13,0,13,28,35,0,13,0,13,0,13,0,13
"51003011102",0.347,"Census Tract 111.02, Albemarle County, Virginia",0.0541,0,0,13,2373,425,0,13,64,105,0,13,0,13,0,13,13,20,0,13,0,13,0,13,20,62
"51003011103",0.4967,"Census Tract 111.03, Albemarle County, Virginia",0.0787,4.64,153,208,3143,528,22,37,56,81,0,13,0,13,0,13,184,133,0,13,0,13,0,13,66,68
"51003011201",0.506,"Census Tract 112.01, Albemarle County, Virginia",0.0549,5.75,229,168,3755,510,10,19,260,187,0,13,5,11,0,13,9,18,0,13,0,13,27,52,178,166
"51003011202",0.4866,"Census Tract 112.02, Albemarle County, Virginia",0.0523,5.91,187,163,2978,415,4,8,127,82,0,13,16,27,12,14,110,58,0,13,0,13,3,6,208,126
"51003011301",0.357,"Census Tract 113.01, Albemarle County, Virginia",0.0337,10.83,497,409,4090,565,2,5,236,180,0,18,0,18,127,175,215,153,0,18,0,18,0,18,255,196
"51003011302",0.3961,"Census Tract 113.02, Albemarle County, Virginia",0.0504,29.17,952,412,2312,427,97,90,441,340,0,13,70,58,38,63,321,286,0,13,0,13,331,355,873,384
"51003011303",0.3668,"Census Tract 113.03, Albemarle County, Virginia",0.0411,9.83,285,165,2614,430,0,13,363,213,0,13,0,13,0,13,247,99,0,13,0,13,9,11,242,157
"51003011400",0.4012,"Census Tract 114, Albemarle County, Virginia",0.0373,7.04,267,201,3523,484,182,120,1176,337,0,18,0,18,0,18,17,18,0,18,21,28,1,2,217,230
"51087200106",0.4182,"Census Tract 2001.06, Henrico County, Virginia",0.0365,16.42,517,261,2632,487,108,92,816,353,0,13,0,13,148,127,245,173,0,13,0,13,223,132,431,223
"51087200108",0.4712,"Census Tract 2001.08, Henrico County, Virginia",0.0389,2.74,74,85,2628,355,2,5,0,13,0,13,0,13,0,13,108,107,16,23,0,13,0,13,38,44
"51087200109",0.401,"Census Tract 2001.09, Henrico County, Virginia",0.0485,0.57,22,46,3811,588,10,20,113,120,0,13,0,13,0,13,21,27,0,13,0,13,0,13,60,59
"51087200122",0.3711,"Census Tract 2001.22, Henrico County, Virginia",0.0437,2.31,82,83,3464,489,2,6,324,191,0,13,0,13,0,13,469,171,0,13,5,10,0,13,227,278
"51087200123",0.4057,"Census Tract 2001.23, Henrico County, Virginia",0.0785,6.37,135,115,1984,328,35,40,749,300,0,13,0,13,0,13,57,70,0,13,0,13,369,361,292,273
"51087200124",0.4634,"Census Tract 2001.24, Henrico County, Virginia",0.0523,2.66,103,57,3766,417,10,18,332,182,0,18,0,18,0,18,73,63,0,18,0,18,510,639,300,198
"51087200125",0.4029,"Census Tract 2001.25, Henrico County, Virginia",0.0655,25.45,383,237,1122,359,92,73,531,208,0,13,73,70,64,73,1118,260,0,13,0,13,8,12,83,118
"51087200126",0.389,"Census Tract 2001.26, Henrico County, Virginia",0.0713,9.95,147,95,1330,287,45,60,552,174,0,13,24,42,46,73,775,322,0,13,0,13,57,87,326,261
"51087200127",0.4043,"Census Tract 2001.27, Henrico County, Virginia",0.0485,2.05,98,69,4693,762,0,18,419,308,0,18,0,18,82,129,358,159,0,18,0,18,26,45,89,96
"51087200131",0.4316,"Census Tract 2001.31, Henrico County, Virginia",0.0677,7.54,106,82,1299,289,40,72,38,58,0,13,0,13,0,13,351,316,0,13,0,13,0,13,0,13
"51087200132",0.377,"Census Tract 2001.32, Henrico County, Virginia",0.0532,4.2,129,110,2945,460,0,13,14,22,0,13,8,17,0,13,563,587,0,13,0,13,55,65,355,207
"51087200133",0.4719,"Census Tract 2001.33, Henrico County, Virginia",0.0806,2.46,48,44,1901,425,0,13,411,221,0,13,0,13,32,47,156,128,0,13,0,13,0,13,32,39
"51087200134",0.4953,"Census Tract 2001.34, Henrico County, Virginia",0.0445,6.45,275,240,3988,800,121,153,281,164,0,18,0,18,0,18,255,266,0,18,0,18,37,43,120,131
"51087200135",0.3559,"Census Tract 2001.35, Henrico County, Virginia",0.0615,2.52,47,57,1817,287,3,5,26,55,0,13,0,13,0,13,167,120,0,13,0,13,0,13,38,44
"51087200136",0.4985,"Census Tract 2001.36, Henrico County, Virginia",0.0445,11.99,259,165,1902,424,0,13,444,464,0,13,0,13,0,13,67,77,0,13,25,31,0,13,67,92
"51087200137",0.4291,"Census Tract 2001.37, Henrico County, Virginia",0.0644,8.47,140,142,1512,254,0,13,190,185,0,13,0,13,0,13,0,13,0,13,0,13,52,70,30,35
"51087200138",0.4222,"Census Tract 2001.38, Henrico County, Virginia",0.063,0.07,2,4,3025,390,697,922,620,506,0,13,0,13,13,24,138,137,0,13,0,13,0,13,38,44
"51087200139",0.433,"Census Tract 2001.39, Henrico County, Virginia",0.07,3.54,114,87,3109,661,0,13,236,275,0,13,0,13,33,55,570,353,0,13,0,13,0,13,169,158
"51087200140",0.4596,"Census Tract 2001.40, Henrico County, Virginia",0.0575,8.56,270,347,2886,469,49,71,349,212,0,13,0,13,0,13,552,140,0,13,0,13,0,13,49,60
"51087200141",0.4469,"Census Tract 2001.41, Henrico County, Virginia",0.074,2.96,49,54,1605,333,0,13,63,99,0,13,0,13,0,13,1005,416,0,13,0,13,0,13,190,281
"51087200142",0.3338,"Census Tract 2001.42, Henrico County, Virginia",0.0422,0.46,15,21,3243,419,3,4,1,3,0,13,2,4,0,13,553,267,0,13,0,13,0,13,338,264
"51087200143",0.3445,"Census Tract 2001.43, Henrico County, Virginia",0.0489,2.93,44,75,1457,342,0,13,174,134,0,13,0,13,0,13,259,224,0,13,0,13,0,13,69,100
"51087200144",0.3536,"Census Tract 2001.44, Henrico County, Virginia",0.0661,5.03,52,56,981,280,0,13,888,717,0,13,0,13,0,13,1427,396,0,13,0,13,0,13,37,43
"51087200145",0.3708,"Census Tract 2001.45, Henrico County, Virginia",0.0356,1.22,39,51,3154,587,0,13,80,79,0,13,0,13,0,13,1216,499,0,13,0,13,0,13,79,84
"51087200146",0.4136,"Census Tract 2001.46, Henrico County, Virginia",0.0842,2.26,50,57,2167,221,0,13,278,235,0,13,0,13,0,13,458,193,0,13,0,13,0,13,0,13
"51087200147",0.2924,"Census Tract 2001.47, Henrico County, Virginia",0.0533,2.54,118,118,4520,1341,44,55,56,63,0,18,0,18,148,205,2331,675,0,18,0,18,0,18,135,145
"51087200148",0.3328,"Census Tract 2001.48, Henrico County, Virginia",0.0571,0,0,13,2457,294,0,13,38,45,0,13,0,13,154,246,1473,329,0,13,0,13,0,13,303,248
"51087200149",0.4725,"Census Tract 2001.49, Henrico County, Virginia",0.0567,15.16,387,246,2166,409,0,13,139,201,0,13,0,13,0,13,1781,503,0,13,0,13,0,13,349,239
"51087200150",0.3662,"Census Tract 2001.50, Henrico County, Virginia",0.0428,6.14,140,148,2141,382,0,13,171,160,0,13,0,13,0,13,1897,373,0,13,0,13,0,13,0,13
"51087200151",0.4115,"Census Tract 2001.51, Henrico County, Virginia",0.0749,2.62,102,82,3785,933,267,392,687,246,0,18,45,71,0,18,902,279,0,18,0,18,0,18,377,325
"51087200152",0.3339,"Census Tract 2001.52, Henrico County, Virginia",0.0457,0.92,22,36,2371,485,0,13,354,365,0,13,0,13,0,13,0,13,0,13,0,13,67,89,94,138
"51087200153",0.4899,"Census Tract 2001.53, Henrico County, Virginia",0.1107,14.16,303,204,1837,722,100,126,481,271,0,13,0,13,0,13,519,462,0,13,0,13,115,163,602,456
"51087200201",0.3479,"Census Tract 2002.01, Henrico County, Virginia",0.0476,2.95,74,77,2432,314,28,43,77,69,0,13,0,13,17,27,29,27,0,13,0,13,0,13,78,80
"51087200202",0.4198,"Census Tract 2002.02, Henrico County, Virginia",0.0405,0.66,26,27,3934,555,0,13,0,13,0,13,0,13,10,16,47,42,0,13,0,13,0,13,0,13
"51087200301",0.4283,"Census Tract 2003.01, Henrico County, Virginia",0.0717,5.66,72,48,1199,288,0,13,194,233,2,3,2,5,73,76,78,53,0,13,0,13,0,13,0,13
"51087200302",0.4126,"Census Tract 2003.02, Henrico County, Virginia",0.0642,5.52,163,172,2790,590,2,3,62,78,0,13,64,65,0,13,214,143,0,13,0,13,7,12,89,105
"51087200303",0.3511,"Census Tract 2003.03, Henrico County, Virginia",0.0276,12.7,290,231,1993,402,84,79,385,231,0,13,0,13,0,13,226,107,0,13,0,13,188,232,412,383
"51087200305",0.4334,"Census Tract 2003.05, Henrico County, Virginia",0.0549,7.43,210,155,2615,550,61,82,558,333,0,13,10,18,76,52,366,216,0,13,0,13,162,133,394,263
"51087200404",0.3806,"Census Tract 2004.04, Henrico County, Virginia",0.0607,7.39,148,89,1856,465,64,75,366,151,0,13,0,13,32,47,75,82,0,13,0,13,0,13,393,265
"51087200407",0.3742,"Census Tract 2004.07, Henrico County, Virginia",0.0383,11.51,388,186,2982,795,0,18,1086,424,0,18,0,18,39,62,830,336,0,18,0,18,115,143,410,434
"51087200409",0.3982,"Census Tract 2004.09, Henrico County, Virginia",0.0465,17.08,192,171,932,323,34,31,424,201,0,13,28,27,48,58,197,154,0,13,0,13,40,36,511,307
"51087200411",0.3425,"Census Tract 2004.11, Henrico County, Virginia",0.036,8.56,201,151,2146,484,123,138,1615,468,0,13,0,13,64,105,245,222,0,13,0,13,90,116,297,216
"51087200412",0.3863,"Census Tract 2004.12, Henrico County, Virginia",0.1198,30.81,228,114,512,179,76,54,883,249,0,13,0,13,0,13,7,10,0,13,14,23,146,111,613,252
"51087200413",0.3661,"Census Tract 2004.13, Henrico County, Virginia",0.0449,1.56,55,61,3475,339,0,13,356,117,0,13,0,13,0,13,513,190,0,13,0,13,0,13,279,279
"51087200414",0.3699,"Census Tract 2004.14, Henrico County, Virginia",0.0355,7.56,268,342,3278,699,0,18,876,400,0,18,0,18,149,141,1289,462,0,18,0,18,0,18,323,216
"51087200415",0.4926,"Census Tract 2004.15, Henrico County, Virginia",0.092,4.93,168,157,3242,930,30,47,503,184,0,13,0,13,34,45,431,148,0,13,0,13,0,13,49,60
"51087200416",0.3549,"Census Tract 2004.16, Henrico County, Virginia",0.0357,4.78,223,178,4439,681,2,4,646,231,0,18,0,18,0,18,206,181,0,18,0,18,0,18,80,81
"51087200417",0.3374,"Census Tract 2004.17, Henrico County, Virginia",0.0709,14.32,164,108,981,414,0,13,742,319,0,13,0,13,0,13,75,77,0,13,0,13,8,16,46,62
"51087200418",0.3864,"Census Tract 2004.18, Henrico County, Virginia",0.0631,24.36,276,289,857,480,122,153,745,449,0,13,0,13,499,668,137,131,0,13,0,13,471,371,441,297
"51087200501",0.3402,"Census Tract 2005.01, Henrico County, Virginia",0.0492,22.39,206,139,714,170,96,58,346,166,0,13,0,13,29,43,193,119,0,13,0,13,87,67,315,179
"51087200502",0.3247,"Census Tract 2005.02, Henrico County, Virginia",0.0406,2.47,38,34,1499,297,10,16,361,202,0,13,0,13,0,13,68,68,0,13,0,13,8,14,455,221
"51087200503",0.3645,"Census Tract 2005.03, Henrico County, Virginia",0.0432,4.64,131,94,2694,362,223,173,933,606,0,13,0,13,0,13,188,159,0,13,20,32,6,7,244,182
"51087200600",0.4909,"Census Tract 2006, Henrico County, Virginia",0.0781,14.1,506,373,3082,606,61,71,573,190,0,13,0,13,0,13,304,238,0,13,0,13,108,121,495,370
"51087200700",0.4838,"Census Tract 2007, Henrico County, Virginia",0.0529,11.9,289,156,2140,429,257,230,600,230,0,13,0,13,0,13,75,95,0,13,0,13,60,86,103,73
"51087200801",0.3728,"Census Tract 2008.01, Henrico County, Virginia",0.0369,4.62,90,59,1859,299,141,70,729,159,0,13,0,13,0,13,118,108,0,13,0,13,13,30,90,93
"51087200802",0.4,"Census Tract 2008.02, Henrico County, Virginia",0.0639,4.7,48,34,974,219,22,17,461,128,0,13,0,13,13,23,83,61,0,13,9,16,7,10,40,43
"51087200805",0.6129,"Census Tract 2008.05, Henrico County, Virginia",0.1996,0,0,13,552,329,1398,452,2247,1345,0,13,6,12,0,13,0,13,0,13,0,13,41,72,88,116
"51087200806",0.3022,"Census Tract 2008.06, Henrico County, Virginia",0.0597,28.25,87,109,221,177,63,127,1252,370,0,13,0,13,0,13,0,13,0,13,0,13,0,13,329,268
"51087200807",0.435,"Census Tract 2008.07, Henrico County, Virginia",0.0607,14.71,40,62,232,120,737,421,3416,692,0,13,61,95,0,13,0,13,0,13,0,13,105,127,101,93
"51087200904",0.4127,"Census Tract 2009.04, Henrico County, Virginia",0.059,3.98,95,58,2294,635,35,41,3048,574,0,18,0,18,28,47,422,427,0,18,0,18,0,18,7,16
"51087200905",0.3643,"Census Tract 2009.05, Henrico County, Virginia",0.0615,5.08,115,133,2149,679,0,18,1853,504,0,18,0,18,0,18,394,249,0,18,0,18,28,48,577,641
"51087200906",0.3094,"Census Tract 2009.06, Henrico County, Virginia",0.0359,6.57,186,162,2644,354,11,18,883,185,0,13,7,14,56,55,233,61,0,13,0,13,88,117,193,141
"51087200907",0.4092,"Census Tract 2009.07, Henrico County, Virginia",0.0682,3.01,83,87,2677,551,212,220,581,341,0,13,0,13,0,13,170,194,0,13,0,13,21,32,59,88
"51087200908",0.5929,"Census Tract 2009.08, Henrico County, Virginia",0.2223,7.02,84,74,1113,396,46,65,1162,355,0,13,0,13,13,23,329,270,0,13,0,13,151,165,361,217
"51087201001",0.3788,"Census Tract 2010.01, Henrico County, Virginia",0.0616,11.28,65,78,511,196,205,183,6037,1094,0,18,0,18,0,18,31,35,0,18,0,18,0,18,97,71
"51087201002",0.3432,"Census Tract 2010.02, Henrico County, Virginia",0.0513,16.9,71,56,349,99,640,426,1870,444,0,13,0,13,41,61,0,13,0,13,0,13,0,13,0,13
"51087201003",0.5291,"Census Tract 2010.03, Henrico County, Virginia",0.1668,16,28,31,147,121,844,485,4953,984,0,18,0,18,0,18,64,106,0,18,0,18,244,172,12,20
"51087201102",0.3219,"Census Tract 2011.02, Henrico County, Virginia",0.0363,9.75,95,53,879,256,338,254,3035,858,0,13,0,13,14,23,35,48,0,13,0,13,0,13,171,145
"51087201103",0.4157,"Census Tract 2011.03, Henrico County, Virginia",0.0653,13.36,39,43,253,217,200,123,2464,423,0,13,0,13,0,13,25,42,0,13,0,13,18,28,173,203
"51087201104",0.4226,"Census Tract 2011.04, Henrico County, Virginia",0.0603,4.36,22,37,483,184,210,132,2166,467,0,13,0,13,0,13,7,14,0,13,0,13,0,13,55,55
"51087201203",0.3691,"Census Tract 2012.03, Henrico County, Virginia",0.0676,0,0,13,283,153,368,311,1927,517,0,13,0,13,0,13,0,13,0,13,0,13,1,2,6,55
"51087201204",0.44,"Census Tract 2012.04, Henrico County, Virginia",0.0912,23.66,456,438,1471,440,434,522,1274,485,0,13,37,59,0,13,0,13,0,13,0,13,12,23,37,59
"51087201205",0.2979,"Census Tract 2012.05, Henrico County, Virginia",0.0388,11.55,110,93,842,239,677,387,1691,399,0,13,0,13,0,13,0,13,0,13,0,13,0,13,164,210
"51087201206",0.4317,"Census Tract 2012.06, Henrico County, Virginia",0.1064,34.96,43,51,80,106,145,117,2198,514,0,13,0,13,0,13,0,13,0,13,0,13,0,13,0,13
"51087201403",0.3737,"Census Tract 2014.03, Henrico County, Virginia",0.0371,13.11,293,141,1942,392,95,86,2912,977,0,18,39,58,0,18,0,18,0,18,0,18,0,18,37,61
"51087201404",0.3568,"Census Tract 2014.04, Henrico County, Virginia",0.0711,3.22,122,127,3661,719,114,143,488,209,0,13,95,95,0,13,62,101,0,13,0,13,0,13,50,47
"51087201405",0.2585,"Census Tract 2014.05, Henrico County, Virginia",0.0453,NA,0,13,0,13,0,13,2267,1152,0,13,0,13,0,13,0,13,0,13,0,13,0,13,0,13
"51087201406",0.4053,"Census Tract 2014.06, Henrico County, Virginia",0.053,4.27,48,47,1075,249,721,356,1450,368,0,13,8,16,18,33,40,70,0,13,0,13,0,13,128,195
"51087201502",0.2942,"Census Tract 2015.02, Henrico County, Virginia",0.0395,7.68,175,160,2103,432,12,14,2563,607,0,18,35,35,21,36,21,22,0,18,0,18,0,18,312,290
"51087201503",0.3806,"Census Tract 2015.03, Henrico County, Virginia",0.0413,2.9,33,57,1104,382,257,217,3817,856,0,18,0,18,0,18,0,18,0,18,0,18,0,18,43,70
"51087201504",0.4608,"Census Tract 2015.04, Henrico County, Virginia",0.0505,19.3,127,98,531,250,852,420,1932,634,0,13,0,13,0,13,13,20,0,13,0,13,13,22,151,126
"51087201601",0.332,"Census Tract 2016.01, Henrico County, Virginia",0.0534,6.33,171,160,2531,452,76,83,804,453,0,13,0,13,0,13,0,13,0,13,0,13,0,13,86,124
"51087201602",0.4442,"Census Tract 2016.02, Henrico County, Virginia",0.0645,5.86,156,175,2507,342,75,142,2149,591,0,18,0,18,0,18,5,12,0,18,0,18,0,18,163,168
"51087201701",0.3186,"Census Tract 2017.01, Henrico County, Virginia",0.039,5.53,120,77,2051,383,39,66,781,321,0,13,10,15,0,13,67,88,0,13,0,13,0,13,362,280
"51087980100",NA,"Census Tract 9801, Henrico County, Virginia",NA,NA,0,13,0,13,0,13,0,13,0,13,0,13,0,13,0,13,0,13,0,13,0,13,0,13
