"GEOID","NAME","B25118_001E","B25118_001M","B25118_002E","B25118_002M","B25118_003E","B25118_003M","B25118_004E","B25118_004M","B25118_005E","B25118_005M","B25118_006E","B25118_006M","B25118_007E","B25118_007M","B25118_008E","B25118_008M","B25118_009E","B25118_009M","B25118_010E","B25118_010M","B25118_011E","B25118_011M","B25118_012E","B25118_012M","B25118_013E","B25118_013M","B25118_014E","B25118_014M","B25118_015E","B25118_015M","B25118_016E","B25118_016M","B25118_017E","B25118_017M","B25118_018E","B25118_018M","B25118_019E","B25118_019M","B25118_020E","B25118_020M","B25118_021E","B25118_021M","B25118_022E","B25118_022M","B25118_023E","B25118_023M","B25118_024E","B25118_024M","B25118_025E","B25118_025M"
"51540000201","Census Tract 2.01, Charlottesville city, Virginia",1146,188,270,68,12,18,0,13,6,9,5,10,0,13,23,27,13,24,39,37,38,33,23,22,111,52,876,187,88,48,61,43,9,13,92,79,41,62,73,79,139,111,108,57,105,54,53,32,107,83
"51540000202","Census Tract 2.02, Charlottesville city, Virginia",1544,256,190,115,0,18,0,18,0,18,15,29,0,18,0,18,20,46,21,34,63,63,41,20,30,45,1354,245,302,101,144,69,60,54,102,95,125,82,218,162,66,40,202,88,47,44,20,24,68,91
"51540000302","Census Tract 3.02, Charlottesville city, Virginia",1607,280,633,165,0,13,0,13,12,19,0,13,18,22,73,67,14,23,98,51,179,144,104,55,135,57,974,239,74,68,43,42,60,58,33,43,71,48,54,38,159,120,173,129,195,141,83,44,29,29
"51540000401","Census Tract 4.01, Charlottesville city, Virginia",1471,169,721,180,7,13,0,13,0,13,0,13,0,13,139,109,51,34,91,57,108,55,88,50,237,91,750,155,78,83,87,93,74,82,59,57,100,67,24,35,30,36,63,56,50,38,99,79,86,65
"51540000402","Census Tract 4.02, Charlottesville city, Virginia",2128,207,1196,199,19,31,42,58,47,53,0,13,23,37,42,44,156,102,214,106,203,113,252,128,198,90,932,244,13,23,0,13,64,67,65,84,83,90,132,113,255,142,180,100,36,42,55,43,49,63
"51540000501","Census Tract 5.01, Charlottesville city, Virginia",1666,178,615,199,13,21,0,13,8,15,11,18,28,27,9,15,119,132,120,65,99,83,122,62,86,66,1051,189,152,94,91,66,84,72,49,46,65,49,136,93,107,57,152,96,105,61,106,50,4,8
"51540000502","Census Tract 5.02, Charlottesville city, Virginia",2033,223,872,207,31,35,0,18,6,9,15,24,0,18,15,24,115,89,53,43,152,83,187,122,298,123,1161,210,27,35,49,53,4,8,0,18,9,15,85,82,164,111,267,136,92,64,255,134,209,123
"51540000600","Census Tract 6, Charlottesville city, Virginia",1275,151,96,52,0,13,0,13,0,13,0,13,0,13,3,7,35,28,18,26,6,11,6,10,28,29,1179,163,322,102,42,39,45,31,58,60,231,111,57,41,205,125,61,40,89,70,51,44,18,20
"51540000700","Census Tract 7, Charlottesville city, Virginia",1651,171,828,98,29,31,0,13,0,13,13,20,0,13,23,29,40,35,64,59,70,43,118,57,471,86,823,150,220,116,49,42,27,28,76,67,14,15,153,65,57,33,56,44,61,47,73,41,37,30
"51540000800","Census Tract 8, Charlottesville city, Virginia",1451,176,971,162,15,23,0,13,32,37,0,13,6,10,36,38,66,39,129,62,115,57,358,141,214,67,480,118,49,40,12,20,56,55,47,44,27,24,45,38,48,57,98,47,7,11,50,54,41,48
"51540000900","Census Tract 9, Charlottesville city, Virginia",884,100,571,89,0,13,0,13,7,11,0,13,0,13,7,10,53,33,160,60,100,62,96,50,148,71,313,79,0,13,0,13,15,24,0,13,0,13,17,27,58,44,82,50,38,34,57,43,46,33
"51540001000","Census Tract 10, Charlottesville city, Virginia",1958,309,587,163,0,13,13,21,5,9,0,13,0,13,12,18,34,35,46,35,173,144,116,55,188,72,1371,279,72,68,8,13,101,69,66,49,44,72,163,83,129,65,93,53,177,82,260,173,258,166
"51109950101","Census Tract 9501.01, Louisa County, Virginia",1039,199,885,211,0,13,0,13,0,13,0,13,0,13,56,45,30,42,136,98,269,113,149,96,245,121,154,93,0,13,0,13,25,41,0,13,0,13,0,13,61,60,27,36,22,36,19,35,0,13
"51109950102","Census Tract 9501.02, Louisa County, Virginia",1818,194,1482,177,40,40,14,22,35,40,69,59,0,13,110,92,93,60,286,112,278,133,353,129,204,132,336,142,10,17,0,13,134,127,0,13,28,44,119,91,0,13,45,57,0,13,0,13,0,13
"51109950201","Census Tract 9502.01, Louisa County, Virginia",2290,250,1312,181,59,49,27,31,29,27,39,48,50,41,139,67,159,72,286,93,200,87,177,68,147,54,978,230,30,33,99,59,72,39,106,56,97,69,94,62,244,169,113,66,64,58,34,38,25,27
"51109950202","Census Tract 9502.02, Louisa County, Virginia",1731,202,1410,225,25,19,0,13,52,53,15,16,5,8,110,69,174,65,395,153,200,69,217,92,217,104,321,131,40,38,31,26,0,13,16,17,0,13,37,34,32,47,15,25,102,80,48,51,0,13
"51109950301","Census Tract 9503.01, Louisa County, Virginia",1299,144,1178,144,0,13,0,13,9,18,0,13,0,13,30,34,111,98,222,111,212,88,298,113,296,114,121,87,0,13,0,13,0,13,0,13,11,29,0,13,29,48,0,13,15,25,23,35,43,52
"51109950302","Census Tract 9503.02, Louisa County, Virginia",1275,233,978,241,0,13,27,37,0,13,105,84,0,13,66,48,110,77,135,71,217,109,272,188,46,34,297,172,0,13,0,13,96,146,38,44,0,13,0,13,131,90,17,28,0,13,15,24,0,13
"51109950303","Census Tract 9503.03, Louisa County, Virginia",1082,219,858,220,0,13,0,13,14,23,15,27,16,25,35,45,143,94,359,176,74,63,139,79,63,58,224,101,10,18,19,24,0,13,10,16,11,19,14,22,12,19,78,83,59,58,11,18,0,13
"51109950400","Census Tract 9504, Louisa County, Virginia",1219,139,1055,141,0,13,19,31,18,20,85,63,42,35,64,61,143,87,179,93,209,100,135,73,161,69,164,81,0,13,9,15,8,13,5,10,0,13,72,67,23,39,27,26,20,22,0,13,0,13
"51109950500","Census Tract 9505, Louisa County, Virginia",2630,285,2249,254,14,25,7,16,164,122,131,104,24,27,94,63,337,152,400,157,342,142,419,151,317,123,381,188,12,19,120,141,61,73,0,18,0,18,85,82,12,20,76,87,0,18,15,25,0,18
"51125950101","Census Tract 9501.01, Nelson County, Virginia",1367,226,1139,222,106,89,108,96,13,23,19,32,35,53,40,45,127,77,312,143,164,96,148,61,67,60,228,126,11,18,0,13,11,18,0,13,0,13,41,49,41,43,0,13,124,122,0,13,0,13
"51125950102","Census Tract 9501.02, Nelson County, Virginia",816,150,614,145,21,38,0,13,56,63,35,56,15,25,44,52,42,40,105,68,84,57,106,59,106,65,202,139,22,36,17,31,23,40,131,139,0,13,0,13,9,16,0,13,0,13,0,13,0,13
"51125950201","Census Tract 9502.01, Nelson County, Virginia",1064,197,848,168,12,20,11,21,0,13,15,24,87,104,59,52,95,66,133,76,127,88,174,95,135,79,216,130,0,13,0,13,0,13,0,13,0,13,44,52,71,68,80,111,0,13,21,41,0,13
"51125950202","Census Tract 9502.02, Nelson County, Virginia",1248,205,1039,183,48,53,0,13,25,31,40,46,0,13,26,32,96,67,183,114,51,41,276,115,294,104,209,116,0,13,0,13,10,17,0,13,0,13,29,49,0,13,110,76,60,69,0,13,0,13
"51125950300","Census Tract 9503, Nelson County, Virginia",1903,283,1165,156,35,36,8,12,11,18,40,52,18,22,49,37,182,107,240,101,159,68,238,98,185,89,738,249,39,62,143,163,22,23,9,14,0,13,247,178,71,70,112,73,40,46,20,28,35,37
"51065020101","Census Tract 201.01, Fluvanna County, Virginia",1969,229,1668,229,5,9,46,40,0,18,35,45,19,20,35,35,123,53,321,143,464,195,328,116,292,88,301,128,0,18,0,18,16,26,0,18,8,14,25,28,23,24,85,70,37,43,31,33,76,80
"51065020103","Census Tract 201.03, Fluvanna County, Virginia",1451,216,1207,226,0,13,0,13,55,78,63,69,25,32,63,50,99,57,193,83,225,131,185,81,299,175,244,136,0,13,0,13,77,107,35,52,28,44,9,16,15,29,37,49,26,40,0,13,17,25
"51065020104","Census Tract 201.04, Fluvanna County, Virginia",2428,161,2233,194,51,49,0,18,0,18,47,44,121,86,115,78,174,85,336,132,523,175,495,132,371,168,195,106,0,18,0,18,0,18,0,18,0,18,12,21,69,77,30,39,52,56,21,39,11,18
"51065020200","Census Tract 202, Fluvanna County, Virginia",2017,212,1483,195,73,68,50,50,0,13,100,82,0,13,155,128,195,93,265,108,229,101,198,97,218,109,534,193,0,13,0,13,0,13,14,22,0,13,11,21,295,177,100,83,25,36,8,15,81,79
"51065020300","Census Tract 203, Fluvanna County, Virginia",2102,241,1624,246,17,28,0,18,0,18,77,69,50,49,49,44,115,62,296,106,311,143,462,181,247,111,478,172,11,19,23,41,49,56,40,45,0,18,43,47,137,97,16,21,135,120,24,41,0,18
"51003010100","Census Tract 101, Albemarle County, Virginia",1988,279,1655,272,0,13,0,13,33,38,0,13,85,71,102,94,66,81,403,276,183,89,215,109,568,123,333,142,0,13,10,17,0,13,37,46,0,13,8,12,69,66,44,72,31,36,56,60,78,63
"51003010201","Census Tract 102.01, Albemarle County, Virginia",1895,167,1701,192,6,11,12,19,13,20,32,51,46,36,32,30,173,69,298,122,308,108,379,118,402,111,194,96,0,18,0,18,0,18,8,12,0,18,21,33,3,6,35,46,59,42,64,60,4,7
"51003010202","Census Tract 102.02, Albemarle County, Virginia",1165,125,1037,121,18,19,0,13,21,21,10,14,19,22,9,14,102,107,64,40,112,60,247,71,435,86,128,63,35,44,0,13,10,15,0,13,6,11,0,13,12,18,33,36,11,15,12,14,9,13
"51003010301","Census Tract 103.01, Albemarle County, Virginia",637,119,528,130,8,14,8,16,58,59,0,13,0,13,17,24,0,13,4,19,88,81,192,105,153,97,109,57,47,30,0,13,0,13,0,13,0,13,12,22,0,13,34,38,0,13,16,27,0,13
"51003010302","Census Tract 103.02, Albemarle County, Virginia",413,38,315,67,0,13,0,13,20,26,0,13,7,12,0,13,0,13,42,35,23,26,35,42,188,67,98,56,0,13,0,13,0,13,8,13,0,13,33,49,0,13,26,32,31,36,0,13,0,13
"51003010303","Census Tract 103.03, Albemarle County, Virginia",2061,174,1624,171,28,32,0,18,0,18,37,40,0,18,38,57,150,86,180,101,306,114,441,148,444,128,437,102,0,18,0,18,0,18,0,18,0,18,26,29,90,69,224,92,21,26,22,26,54,44
"51003010401","Census Tract 104.01, Albemarle County, Virginia",1903,301,1442,308,18,20,0,13,25,31,57,39,18,18,39,41,101,68,145,62,221,109,206,65,612,289,461,139,8,14,7,12,27,42,40,61,7,12,42,42,124,70,119,72,41,44,21,24,25,39
"51003010402","Census Tract 104.02, Albemarle County, Virginia",1385,164,1189,140,0,13,0,13,41,31,2,3,0,13,74,60,98,61,149,64,201,72,250,82,374,113,196,119,0,13,0,13,6,10,0,13,7,11,32,44,18,25,68,89,23,33,8,13,34,38
"51003010501","Census Tract 105.01, Albemarle County, Virginia",1054,192,883,191,0,13,0,13,14,24,0,13,8,13,28,32,11,20,95,81,79,66,274,148,374,118,171,97,0,13,0,13,0,13,11,19,0,13,23,34,101,95,27,34,0,13,9,16,0,13
"51003010502","Census Tract 105.02, Albemarle County, Virginia",1899,231,505,157,0,13,0,13,0,13,0,13,0,13,12,19,42,48,86,86,161,123,180,77,24,28,1394,283,38,41,12,21,10,16,60,53,17,27,255,156,165,122,237,98,153,96,272,144,175,133
"51003010602","Census Tract 106.02, Albemarle County, Virginia",2092,259,1373,236,0,13,9,14,26,25,73,87,111,137,38,43,123,79,124,83,97,54,287,115,485,132,719,160,0,13,43,30,7,12,12,22,0,13,47,37,43,45,126,66,162,91,228,130,51,33
"51003010603","Census Tract 106.03, Albemarle County, Virginia",1206,296,425,260,0,13,0,13,0,13,57,52,227,249,15,24,42,35,23,27,31,43,7,15,23,30,781,233,0,13,12,19,0,13,33,42,80,51,96,57,159,114,289,183,68,73,44,40,0,13
"51079030101","Census Tract 301.01, Greene County, Virginia",1522,152,1213,157,1,3,20,24,61,52,56,45,54,48,117,65,140,66,239,91,124,61,189,91,212,88,309,95,38,42,6,10,21,22,18,19,8,8,40,27,70,56,27,22,77,53,4,8,0,13
"51079030102","Census Tract 301.02, Greene County, Virginia",1880,200,1572,226,17,30,17,27,64,56,36,31,160,132,198,138,181,97,276,146,199,115,290,130,134,70,308,144,0,18,17,26,26,41,0,18,50,71,93,52,35,55,28,32,48,51,11,19,0,18
"51079030201","Census Tract 302.01, Greene County, Virginia",2675,222,2135,214,24,38,36,60,10,16,50,72,24,27,42,39,154,101,569,113,240,90,531,226,455,156,540,138,16,27,0,18,0,18,0,18,90,66,0,18,44,32,208,102,57,53,91,56,34,51
"51079030202","Census Tract 302.02, Greene County, Virginia",1414,200,1141,218,0,13,0,13,0,13,18,28,4,17,51,55,100,79,420,190,120,66,240,138,188,87,273,130,0,13,0,13,0,13,0,13,0,13,21,36,7,12,161,111,67,62,17,31,0,13
"51003010604","Census Tract 106.04, Albemarle County, Virginia",1630,201,1053,195,0,13,0,13,0,13,0,13,12,19,131,103,0,13,127,82,152,86,268,140,363,96,577,135,18,28,90,49,20,33,79,66,12,18,26,31,74,73,90,86,86,78,67,57,15,25
"51003010701","Census Tract 107.01, Albemarle County, Virginia",1370,329,259,102,0,13,13,21,29,43,0,13,0,13,14,19,13,22,11,18,0,13,132,92,47,35,1111,331,14,24,13,22,17,27,181,232,46,47,156,97,222,131,201,124,117,103,63,57,81,56
"51003010702","Census Tract 107.02, Albemarle County, Virginia",1497,165,661,184,16,26,59,77,0,13,36,41,15,25,0,13,75,63,163,105,136,90,122,74,39,42,836,204,0,13,7,22,73,94,41,32,92,91,34,34,120,100,149,98,48,55,162,107,110,79
"51003010801","Census Tract 108.01, Albemarle County, Virginia",1510,185,509,129,33,47,0,13,0,13,14,24,0,13,76,101,28,36,41,47,43,42,83,52,191,66,1001,175,7,12,0,13,0,13,72,82,15,24,128,88,142,117,328,143,78,75,120,89,111,95
"51003010802","Census Tract 108.02, Albemarle County, Virginia",983,139,366,114,0,13,0,13,0,13,0,13,0,13,0,13,70,74,0,13,89,64,73,58,134,59,617,146,0,13,20,31,0,13,101,97,39,64,94,96,102,88,102,61,114,117,36,56,9,16
"51003010901","Census Tract 109.01, Albemarle County, Virginia",740,127,171,55,1,3,6,8,13,19,5,8,0,13,5,8,0,13,47,47,21,14,20,19,53,29,569,112,139,82,12,12,26,21,42,30,30,25,39,25,83,30,93,56,48,29,28,23,29,20
"51003010904","Census Tract 109.04, Albemarle County, Virginia",537,115,50,31,18,30,0,18,0,18,0,18,0,18,1,3,0,18,3,5,11,10,0,18,17,14,487,111,78,56,29,44,21,20,20,17,19,19,84,47,75,53,84,33,55,48,1,6,21,18
"51003011000","Census Tract 110, Albemarle County, Virginia",2602,353,2310,350,30,35,0,18,0,18,62,51,19,31,91,64,229,270,247,97,155,89,229,100,1248,258,292,114,13,20,15,25,0,18,0,18,11,19,0,18,23,28,36,47,49,47,89,71,56,68
"51003011101","Census Tract 111.01, Albemarle County, Virginia",806,147,671,147,0,13,0,13,0,13,48,61,60,69,10,13,67,45,120,71,133,95,107,65,126,57,135,78,0,13,0,13,0,13,30,37,21,33,0,13,0,13,67,56,0,13,0,13,17,26
"51003011102","Census Tract 111.02, Albemarle County, Virginia",1040,192,853,143,0,13,0,13,0,13,9,22,36,32,144,90,108,118,132,97,57,46,157,74,210,77,187,164,0,13,0,13,0,13,0,13,0,13,0,13,0,13,0,13,0,13,81,69,106,145
"51003011103","Census Tract 111.03, Albemarle County, Virginia",1454,152,1083,154,0,13,0,13,17,25,43,52,13,20,41,35,17,27,131,84,68,55,294,122,459,137,371,132,0,13,14,21,43,45,24,28,3,5,79,75,48,51,20,26,70,78,0,13,70,75
"51003011201","Census Tract 112.01, Albemarle County, Virginia",1734,210,1351,210,9,16,8,14,78,93,0,13,37,33,180,136,52,32,112,57,244,75,225,89,406,116,383,102,9,14,0,13,0,13,41,36,41,44,77,56,49,50,75,56,37,41,25,31,29,27
"51003011202","Census Tract 112.02, Albemarle County, Virginia",1424,173,1259,170,0,13,0,13,114,117,20,22,34,29,11,12,118,58,27,28,193,73,221,87,521,95,165,56,0,13,0,13,0,13,10,16,0,13,20,22,30,25,33,28,9,14,52,43,11,14
"51003011301","Census Tract 113.01, Albemarle County, Virginia",2152,234,1648,233,8,18,0,18,36,35,28,33,12,19,54,47,267,177,356,120,235,144,392,136,260,101,504,160,0,18,0,18,45,37,0,18,34,54,28,35,82,77,104,81,72,103,64,78,75,79
"51003011302","Census Tract 113.02, Albemarle County, Virginia",1666,215,385,116,0,13,39,43,8,12,6,10,0,13,2,3,87,65,80,55,58,71,64,53,41,38,1281,210,75,63,11,17,25,37,36,36,61,53,112,76,107,75,266,114,91,52,336,118,161,145
"51003011303","Census Tract 113.03, Albemarle County, Virginia",1613,175,793,140,0,13,7,11,0,13,0,13,7,12,74,44,35,45,158,76,68,30,248,94,196,70,820,142,39,44,13,15,0,13,27,33,22,21,113,89,97,57,130,69,203,89,119,52,57,37
"51003011400","Census Tract 114, Albemarle County, Virginia",1925,208,1526,227,30,21,13,16,75,78,8,12,35,23,135,69,198,83,179,81,349,153,284,102,220,89,399,107,5,6,11,12,48,48,18,14,31,37,67,41,59,45,75,53,53,34,32,25,0,18
