"GEOID","NAME","FipCodes","County","Region","MedRentE","MedRentM","MedTaxE","MedTaxM","RentTaxRatE","RentTaxRatMOE","MedRenterHHIncomeE","MedRenterHHIncomeM","MedRentBurdenPercE","MedRentBurdenPercM","MedHHIncomeE","MedHHIncomeM","WhiteMedHHIncomeE","WhiteMedHHIncomeM","BlackMedHHIncomeE","BlackMedHHIncomeM","NatAmerMedHHIncomeE","NatAmerMedHHIncomeM","AsianMedHHIncomeE","AsianMedHHIncomeM","PacIslMedHHIncomeE","PacIslMedHHIncomeM","HispanicLatinoMedHHIncomeE","HispanicLatinoMedHHIncomeM"
"51540000201","Census Tract 2.01, Charlottesville city, Virginia","540","Charlottesville","Charlottesville",1444,111,1946,655,0.742034943473792,0.256190573775853,45640,11010,36.7,9,51719,19961,56250,37802,46250,19935,NA,NA,NA,NA,NA,NA,31650,25988
"51540000202","Census Tract 2.02, Charlottesville city, Virginia","540","Charlottesville","Charlottesville",1228,187,1826,129,0.672508214676889,0.112893532870778,23478,5620,48.6,10.9,26765,8660,17159,4803,58289,34716,NA,NA,23479,6932,NA,NA,NA,NA
"51540000302","Census Tract 3.02, Charlottesville city, Virginia","540","Charlottesville","Charlottesville",1201,140,3228,368,0.372057001239157,0.0606635709546904,49860,13402,29,6.3,65826,11050,63917,9322,NA,NA,NA,NA,NA,NA,NA,NA,49132,36858
"51540000401","Census Tract 4.01, Charlottesville city, Virginia","540","Charlottesville","Charlottesville",679,115,2526,305,0.268804433887569,0.0559114906757269,22377,17526,32.5,7,59129,15842,101250,20512,18750,11909,NA,NA,250001,NA,NA,NA,NA,NA
"51540000402","Census Tract 4.02, Charlottesville city, Virginia","540","Charlottesville","Charlottesville",965,110,2364,398,0.408206429780034,0.0829958001014261,37500,15590,31.3,5.7,51959,8530,56700,14102,35858,14967,NA,NA,NA,NA,NA,NA,NA,NA
"51540000501","Census Tract 5.01, Charlottesville city, Virginia","540","Charlottesville","Charlottesville",1160,100,1858,219,0.624327233584499,0.0911702769631416,30821,9421,38.8,13,44530,15201,73894,9174,35197,12493,NA,NA,63393,30438,NA,NA,35208,9343
"51540000502","Census Tract 5.02, Charlottesville city, Virginia","540","Charlottesville","Charlottesville",1285,121,2812,402,0.45697012802276,0.0782259640913393,70677,34771,21.4,4.6,96250,22109,97708,19596,96184,81398,NA,NA,138585,68326,NA,NA,223922,3341
"51540000600","Census Tract 6, Charlottesville city, Virginia","540","Charlottesville","Charlottesville",1161,54,1985,619,0.584886649874055,0.184407964783831,21963,2422,47.8,16.1,22983,5125,34038,16179,17008,12838,NA,NA,NA,NA,NA,NA,NA,NA
"51540000700","Census Tract 7, Charlottesville city, Virginia","540","Charlottesville","Charlottesville",994,133,4673,532,0.212711320350952,0.0373694445473563,28144,7810,39.9,13.2,75938,22261,81905,28069,NA,NA,NA,NA,NA,NA,NA,NA,NA,NA
"51540000800","Census Tract 8, Charlottesville city, Virginia","540","Charlottesville","Charlottesville",911,151,3184,211,0.286118090452261,0.0510744906702325,42708,25353,25.5,41.8,90208,25681,103511,12181,43672,9712,NA,NA,106583,44604,NA,NA,NA,NA
"51540000900","Census Tract 9, Charlottesville city, Virginia","540","Charlottesville","Charlottesville",1294,212,2717,169,0.476260581523739,0.083461505254361,59659,25763,25.9,2.7,82404,19808,90577,17440,69531,8735,NA,NA,NA,NA,NA,NA,NA,NA
"51540001000","Census Tract 10, Charlottesville city, Virginia","540","Charlottesville","Charlottesville",1377,203,5242,1752,0.262685997710797,0.0959572305779285,81397,60341,20.8,7.5,90692,8407,91385,7782,50833,1647,NA,NA,NA,NA,NA,NA,51618,33469
"51041100106","Census Tract 1001.06, Chesterfield County, Virginia","041","Chesterfield County","Richmond",1444,1005,2565,281,0.562962962962963,0.396637044792195,NA,NA,25.4,3.5,116061,27294,111842,20241,NA,NA,NA,NA,NA,NA,NA,NA,NA,NA
"51041100107","Census Tract 1001.07, Chesterfield County, Virginia","041","Chesterfield County","Richmond",1175,75,913,708,1.28696604600219,1.00137287412989,46222,7982,31.7,4,44951,6917,43866,5027,40682,21484,NA,NA,54643,7318,NA,NA,44598,10024
"51041100206","Census Tract 1002.06, Chesterfield County, Virginia","041","Chesterfield County","Richmond",1182,246,1673,238,0.706515242080096,0.178109726393065,54615,39598,25.1,18.4,76927,8123,74641,4998,81463,14906,NA,NA,NA,NA,NA,NA,33564,32471
"51041100208","Census Tract 1002.08, Chesterfield County, Virginia","041","Chesterfield County","Richmond",2021,1074,2389,257,0.845960652992884,0.458679203835645,NA,NA,51,NA,89938,16554,87813,12579,132788,74710,NA,NA,NA,NA,NA,NA,118125,25906
"51041100209","Census Tract 1002.09, Chesterfield County, Virginia","041","Chesterfield County","Richmond",1149,65,1694,268,0.67827626918536,0.113960967678991,44732,30794,27.8,5.2,66905,14300,54630,17524,82716,30323,NA,NA,NA,NA,NA,NA,NA,NA
"51041100210","Census Tract 1002.10, Chesterfield County, Virginia","041","Chesterfield County","Richmond",1310,76,1307,223,1.00229533282326,0.180627042269963,64952,17665,23.6,4.6,65893,10412,63173,11940,69432,27975,NA,NA,NA,NA,NA,NA,NA,NA
"51041100211","Census Tract 1002.11, Chesterfield County, Virginia","041","Chesterfield County","Richmond",980,115,1300,156,0.753846153846154,0.126525624787276,36618,27786,30.8,9.4,50394,20300,50116,16648,58515,12891,NA,NA,NA,NA,NA,NA,NA,NA
"51041100212","Census Tract 1002.12, Chesterfield County, Virginia","041","Chesterfield County","Richmond",1154,87,1278,86,0.902973395931142,0.091249222699814,34696,7856,39,8.9,45162,12372,39583,27048,46899,11399,NA,NA,NA,NA,NA,NA,34621,10175
"51041100300","Census Tract 1003, Chesterfield County, Virginia","041","Chesterfield County","Richmond",1059,85,1189,150,0.890664423885618,0.133176878469978,35906,3959,38.5,6.1,37969,3190,41625,14382,33491,3175,NA,NA,NA,NA,NA,NA,39840,34788
"51041100403","Census Tract 1004.03, Chesterfield County, Virginia","041","Chesterfield County","Richmond",1296,109,2680,519,0.483582089552239,0.102099473968796,56886,13451,27.2,6.8,71920,8206,72792,13141,74109,20626,NA,NA,63315,18081,NA,NA,71667,13015
"51041100404","Census Tract 1004.04, Chesterfield County, Virginia","041","Chesterfield County","Richmond",780,61,1243,424,0.627514078841512,0.219605024960201,32014,8609,28.3,2.9,37917,4995,31250,12277,50926,13254,NA,NA,101875,80004,NA,NA,37500,5535
"51041100405","Census Tract 1004.05, Chesterfield County, Virginia","041","Chesterfield County","Richmond",1057,59,1392,96,0.75933908045977,0.0673715278999931,39477,4012,30,6.3,48125,11375,51563,14786,50565,16971,40234,32096,NA,NA,NA,NA,36799,6739
"51041100406","Census Tract 1004.06, Chesterfield County, Virginia","041","Chesterfield County","Richmond",863,101,1339,183,0.644510828976848,0.115967760697016,25861,7305,46.7,6.8,29375,6887,32051,16303,25063,10672,NA,NA,NA,NA,NA,NA,37583,24852
"51041100407","Census Tract 1004.07, Chesterfield County, Virginia","041","Chesterfield County","Richmond",1367,115,1046,221,1.30688336520076,0.297202762032393,64896,17208,23.9,9.5,64236,9191,54800,21712,61208,21087,NA,NA,NA,NA,NA,NA,NA,NA
"51041100409","Census Tract 1004.09, Chesterfield County, Virginia","041","Chesterfield County","Richmond",1314,149,1779,66,0.738617200674536,0.0881236276976819,63783,12306,26.3,5.3,85230,17531,93685,18959,64239,10700,NA,NA,NA,NA,NA,NA,86696,47515
"51041100410","Census Tract 1004.10, Chesterfield County, Virginia","041","Chesterfield County","Richmond",1130,61,1836,280,0.615468409586057,0.0995690177706122,28092,8811,41.2,11.7,35980,13410,36824,25918,NA,NA,NA,NA,NA,NA,NA,NA,NA,NA
"51041100505","Census Tract 1005.05, Chesterfield County, Virginia","041","Chesterfield County","Richmond",1319,133,1939,194,0.680247550283651,0.0966282146035031,52038,30883,32.2,11.8,72685,23410,76513,29695,41636,36694,NA,NA,NA,NA,NA,NA,81477,72712
"51041100506","Census Tract 1005.06, Chesterfield County, Virginia","041","Chesterfield County","Richmond",1255,519,1915,448,0.655352480417755,0.311378138800636,38622,9899,36.2,5.4,78601,9134,79228,17395,81705,29010,NA,NA,NA,NA,NA,NA,33467,30432
"51041100507","Census Tract 1005.07, Chesterfield County, Virginia","041","Chesterfield County","Richmond",1349,117,2473,152,0.545491306105944,0.0579866518151105,46837,23701,35.4,7,83598,12496,84621,11303,79876,56906,NA,NA,208157,146941,NA,NA,73925,36469
"51041100508","Census Tract 1005.08, Chesterfield County, Virginia","041","Chesterfield County","Richmond",1140,56,1506,179,0.756972111553785,0.097353355932781,66175,27134,18.8,3.4,71842,19007,72045,26614,81758,17105,NA,NA,NA,NA,NA,NA,130370,77526
"51041100509","Census Tract 1005.09, Chesterfield County, Virginia","041","Chesterfield County","Richmond",1812,887,2520,149,0.719047619047619,0.354542466900277,84539,54985,30.2,11.3,111204,15746,117664,26444,106343,26257,NA,NA,NA,NA,NA,NA,105593,20495
"51041100510","Census Tract 1005.10, Chesterfield County, Virginia","041","Chesterfield County","Richmond",1374,99,1573,116,0.873490146217419,0.0900575992952319,98077,25628,19.4,3,72143,6908,66688,9542,86339,35526,NA,NA,NA,NA,NA,NA,83158,30981
"51041100600","Census Tract 1006, Chesterfield County, Virginia","041","Chesterfield County","Richmond",1072,87,996,407,1.07630522088353,0.44840559734447,38097,4030,32.6,8.2,48958,4864,49786,32948,49063,21616,NA,NA,NA,NA,NA,NA,48692,471
"51041100701","Census Tract 1007.01, Chesterfield County, Virginia","041","Chesterfield County","Richmond",1078,192,1235,221,0.872874493927125,0.220380465135584,41541,22420,27.4,14.6,64078,11222,63667,19594,65960,19790,NA,NA,NA,NA,NA,NA,90341,57615
"51041100702","Census Tract 1007.02, Chesterfield County, Virginia","041","Chesterfield County","Richmond",1071,344,1583,340,0.676563487049905,0.261417735154687,42292,12163,27.5,20.1,57750,9068,64048,5421,50089,32175,NA,NA,NA,NA,NA,NA,NA,NA
"51041100704","Census Tract 1007.04, Chesterfield County, Virginia","041","Chesterfield County","Richmond",1671,859,1962,460,0.851681957186544,0.481204219471135,100938,36921,23.4,13.2,91733,17473,96012,20536,65417,48561,NA,NA,NA,NA,NA,NA,NA,NA
"51041100705","Census Tract 1007.05, Chesterfield County, Virginia","041","Chesterfield County","Richmond",NA,NA,2244,685,NA,NA,NA,NA,NA,NA,95441,16548,95956,15302,63185,29664,NA,NA,NA,NA,NA,NA,NA,NA
"51041100804","Census Tract 1008.04, Chesterfield County, Virginia","041","Chesterfield County","Richmond",1110,80,1935,177,0.573643410852713,0.0668034024551043,46827,14149,29.3,8,61658,13153,60577,19941,70114,26587,NA,NA,66467,26467,NA,NA,60030,36241
"51041100805","Census Tract 1008.05, Chesterfield County, Virginia","041","Chesterfield County","Richmond",1306,234,1557,213,0.838792549775209,0.189087065505658,57917,23331,26.1,5.8,72663,15879,72917,15419,68641,31460,NA,NA,NA,NA,NA,NA,68261,50956
"51041100806","Census Tract 1008.06, Chesterfield County, Virginia","041","Chesterfield County","Richmond",990,106,1189,187,0.832632464255677,0.158418186424234,30524,9651,37.1,13.3,48587,8703,48750,20200,53365,7295,NA,NA,NA,NA,NA,NA,29583,17742
"51041100807","Census Tract 1008.07, Chesterfield County, Virginia","041","Chesterfield County","Richmond",1379,184,1605,123,0.859190031152648,0.132205233558039,70435,26223,26.6,5.7,63036,12274,53836,6085,79306,27229,NA,NA,NA,NA,NA,NA,70107,38524
"51041100812","Census Tract 1008.12, Chesterfield County, Virginia","041","Chesterfield County","Richmond",1644,381,1986,183,0.827794561933535,0.206450722573559,68694,24406,30.1,17,87155,16108,77250,20523,117083,53042,NA,NA,NA,NA,NA,NA,NA,NA
"51041100814","Census Tract 1008.14, Chesterfield County, Virginia","041","Chesterfield County","Richmond",1164,150,1465,142,0.794539249146758,0.128119401798214,44375,10680,31.7,3,74473,11954,72725,14557,96306,26814,NA,NA,NA,NA,NA,NA,46678,26675
"51041100815","Census Tract 1008.15, Chesterfield County, Virginia","041","Chesterfield County","Richmond",1513,220,1791,111,0.844779452819654,0.133528974095155,85732,51177,27.5,14,100386,13108,91685,14166,118750,25337,NA,NA,NA,NA,NA,NA,100170,85280
"51041100816","Census Tract 1008.16, Chesterfield County, Virginia","041","Chesterfield County","Richmond",1178,152,1502,116,0.784287616511318,0.117940409419132,61507,16558,25.3,5.1,73257,8307,73510,7353,72045,28584,NA,NA,NA,NA,NA,NA,66000,48495
"51041100817","Census Tract 1008.17, Chesterfield County, Virginia","041","Chesterfield County","Richmond",1241,66,1394,128,0.890243902439024,0.0944654065655315,50040,26920,34.8,10.8,52931,6842,52565,15055,60472,16038,NA,NA,NA,NA,NA,NA,53050,33123
"51041100818","Census Tract 1008.18, Chesterfield County, Virginia","041","Chesterfield County","Richmond",1546,271,1746,321,0.88545246277205,0.224924691849273,91281,12659,18.3,4,96961,12970,95763,1943,119306,25982,NA,NA,NA,NA,NA,NA,107756,39796
"51041100819","Census Tract 1008.19, Chesterfield County, Virginia","041","Chesterfield County","Richmond",1286,190,1739,176,0.739505462909718,0.132434559026173,54475,19767,29.6,3.7,67372,12399,75625,18141,70048,21705,NA,NA,73164,21892,NA,NA,53884,42914
"51041100820","Census Tract 1008.20, Chesterfield County, Virginia","041","Chesterfield County","Richmond",1482,303,1729,353,0.857142857142857,0.247659786506967,80125,45223,29.7,8.2,80161,17735,48782,4300,101204,33138,NA,NA,NA,NA,NA,NA,68920,25394
"51041100821","Census Tract 1008.21, Chesterfield County, Virginia","041","Chesterfield County","Richmond",1708,442,2965,376,0.576053962900506,0.166009235665414,135625,134925,20.3,12.8,94107,11841,94036,11638,NA,NA,NA,NA,74152,56959,NA,NA,NA,NA
"51041100822","Census Tract 1008.22, Chesterfield County, Virginia","041","Chesterfield County","Richmond",1385,71,2932,316,0.47237380627558,0.0563763304539154,55568,15277,29.1,7.4,109792,7932,111157,9662,73988,37153,NA,NA,140444,25012,NA,NA,137600,19878
"51041100823","Census Tract 1008.23, Chesterfield County, Virginia","041","Chesterfield County","Richmond",1324,179,2397,157,0.552357113057989,0.0829788911782648,65064,24610,22.6,4.7,95550,14730,109534,8655,80164,27481,NA,NA,88299,13147,NA,NA,NA,NA
"51041100902","Census Tract 1009.02, Chesterfield County, Virginia","041","Chesterfield County","Richmond",1680,133,2594,207,0.647648419429453,0.0728001975331554,110648,34385,18.4,3,109205,8783,104507,7712,111491,6268,NA,NA,NA,NA,NA,NA,164271,4729
"51041100907","Census Tract 1009.07, Chesterfield County, Virginia","041","Chesterfield County","Richmond",2807,566,1750,405,1.604,0.49234537219148,NA,NA,51,NA,74792,24057,79853,18229,NA,NA,NA,NA,88088,29301,NA,NA,46447,4529
"51041100910","Census Tract 1009.10, Chesterfield County, Virginia","041","Chesterfield County","Richmond",1280,233,1685,113,0.759643916913947,0.147364517604334,56154,42698,22.6,17.1,80896,6167,73324,8426,137513,88691,NA,NA,NA,NA,NA,NA,72404,29353
"51041100912","Census Tract 1009.12, Chesterfield County, Virginia","041","Chesterfield County","Richmond",1468,280,2304,137,0.637152777777778,0.127296382736557,75270,29905,34.4,19.6,103088,13043,102702,12687,NA,NA,NA,NA,NA,NA,NA,NA,153040,50845
"51041100915","Census Tract 1009.15, Chesterfield County, Virginia","041","Chesterfield County","Richmond",1333,85,1781,193,0.748455923638405,0.0941071465276489,65106,17371,24.6,4.5,64107,6526,63571,7603,61250,29846,NA,NA,NA,NA,NA,NA,104375,18025
"51041100919","Census Tract 1009.19, Chesterfield County, Virginia","041","Chesterfield County","Richmond",1229,124,2083,172,0.590014402304369,0.0769242660437658,49359,27625,26.5,7,69736,6421,72909,8681,49167,18787,NA,NA,135022,118503,NA,NA,NA,NA
"51041100920","Census Tract 1009.20, Chesterfield County, Virginia","041","Chesterfield County","Richmond",1327,59,1574,197,0.843074968233799,0.111978417119344,63864,10828,24.2,3.1,66159,9584,74000,25355,55357,13789,NA,NA,72813,23255,NA,NA,NA,NA
"51041100921","Census Tract 1009.21, Chesterfield County, Virginia","041","Chesterfield County","Richmond",1397,88,2051,234,0.681131155533886,0.0887686459204682,58467,2867,28.7,3.6,69093,14512,68789,14872,64402,55492,NA,NA,87250,58732,NA,NA,NA,NA
"51041100922","Census Tract 1009.22, Chesterfield County, Virginia","041","Chesterfield County","Richmond",1248,367,1890,161,0.66031746031746,0.202162833211986,58750,28586,27.4,13.5,69467,8990,69301,7132,83375,46607,NA,NA,48906,33045,NA,NA,65784,4174
"51041100923","Census Tract 1009.23, Chesterfield County, Virginia","041","Chesterfield County","Richmond",1599,206,1985,440,0.805541561712846,0.206526078091003,60040,23555,29.5,12.2,74167,20949,78958,36583,83611,18347,NA,NA,NA,NA,NA,NA,50417,34866
"51109950101","Census Tract 9501.01, Louisa County, Virginia","109","Louisa","Charlottesville",1709,539,2650,831,0.644905660377359,0.286824130872181,46964,34062,24.7,16.9,88951,10705,87946,11732,NA,NA,NA,NA,NA,NA,NA,NA,NA,NA
"51109950102","Census Tract 9501.02, Louisa County, Virginia","109","Louisa","Charlottesville",740,479,1676,164,0.441527446300716,0.289046680598843,22143,21618,43,8.5,61842,24461,70990,24930,51547,1222,NA,NA,NA,NA,NA,NA,NA,NA
"51109950201","Census Tract 9502.01, Louisa County, Virginia","109","Louisa","Charlottesville",875,67,1359,100,0.643855776306107,0.0683752938459784,34338,12498,31.4,4.9,46603,3578,52137,8919,30457,5664,NA,NA,NA,NA,NA,NA,NA,NA
"51109950202","Census Tract 9502.02, Louisa County, Virginia","109","Louisa","Charlottesville",1171,112,1432,200,0.817737430167598,0.138422865361886,58250,46250,23.9,8.9,73148,8808,73261,6011,54507,37010,NA,NA,NA,NA,NA,NA,94300,65302
"51109950301","Census Tract 9503.01, Louisa County, Virginia","109","Louisa","Charlottesville",1592,664,2169,272,0.733978792070078,0.319669689186774,125598,106059,25.5,11.1,103882,21343,107266,21071,NA,NA,NA,NA,NA,NA,NA,NA,NA,NA
"51109950302","Census Tract 9503.02, Louisa County, Virginia","109","Louisa","Charlottesville",768,180,1302,133,0.589861751152074,0.150809058825083,NA,NA,29.2,55.9,61442,31022,62969,26498,NA,NA,NA,NA,NA,NA,NA,NA,NA,NA
"51109950303","Census Tract 9503.03, Louisa County, Virginia","109","Louisa","Charlottesville",1083,336,1224,122,0.884803921568627,0.28832850597633,72813,14828,16.7,8.8,61744,9597,61163,8913,NA,NA,NA,NA,NA,NA,NA,NA,NA,NA
"51109950400","Census Tract 9504, Louisa County, Virginia","109","Louisa","Charlottesville",698,392,1389,129,0.502519798416127,0.286050329513602,32250,9872,26.6,3.9,59503,9811,60481,11631,NA,NA,NA,NA,NA,NA,NA,NA,NA,NA
"51109950500","Census Tract 9505, Louisa County, Virginia","109","Louisa","Charlottesville",704,502,1519,136,0.463462804476629,0.333075442396295,NA,NA,44.6,7.3,66115,7382,69041,6626,NA,NA,NA,NA,NA,NA,NA,NA,NA,NA
"51041100924","Census Tract 1009.24, Chesterfield County, Virginia","041","Chesterfield County","Richmond",1239,143,4892,388,0.253270645952576,0.0354681573548025,64656,12816,23.7,4.2,134306,21417,141161,20066,80777,4218,NA,NA,148472,102974,NA,NA,NA,NA
"51041100926","Census Tract 1009.26, Chesterfield County, Virginia","041","Chesterfield County","Richmond",1253,183,5132,482,0.244154325798909,0.0423954221757935,47115,21815,32.1,8.3,175682,14314,173023,19195,250001,NA,NA,NA,240046,101401,NA,NA,250001,NA
"51041100928","Census Tract 1009.28, Chesterfield County, Virginia","041","Chesterfield County","Richmond",1434,242,3213,288,0.446311858076564,0.0852842180752947,50365,11638,31.5,7.6,80102,12566,78542,12539,66649,22081,NA,NA,144044,67578,NA,NA,NA,NA
"51041100929","Census Tract 1009.29, Chesterfield County, Virginia","041","Chesterfield County","Richmond",1566,217,2826,266,0.554140127388535,0.0928267152368772,65136,24627,30.1,4.6,111679,9581,113700,6422,72059,39550,NA,NA,NA,NA,NA,NA,NA,NA
"51041100930","Census Tract 1009.30, Chesterfield County, Virginia","041","Chesterfield County","Richmond",1481,274,2679,154,0.552818215752146,0.107100127487177,NA,NA,25.5,4.7,117813,6082,118188,5693,71667,20194,NA,NA,NA,NA,NA,NA,NA,NA
"51041100931","Census Tract 1009.31, Chesterfield County, Virginia","041","Chesterfield County","Richmond",1478,223,2790,160,0.529749103942652,0.0855071489808162,85500,54101,24.6,22.8,106206,9804,112621,15409,98068,27363,NA,NA,NA,NA,NA,NA,NA,NA
"51041100932","Census Tract 1009.32, Chesterfield County, Virginia","041","Chesterfield County","Richmond",1908,301,2229,139,0.855989232839839,0.145205541598482,83875,46789,24.5,3.9,103851,12043,104324,14340,70809,38447,NA,NA,95500,89286,NA,NA,116292,61942
"51041100933","Census Tract 1009.33, Chesterfield County, Virginia","041","Chesterfield County","Richmond",1338,95,1875,274,0.7136,0.115937850749738,64074,16657,26.6,6.9,60714,11823,59018,11697,64583,44259,NA,NA,NA,NA,NA,NA,48500,4347
"51041100934","Census Tract 1009.34, Chesterfield County, Virginia","041","Chesterfield County","Richmond",1154,87,1713,135,0.673671920607122,0.0734720061894305,45625,11538,29.9,5.3,66890,7113,61746,7810,71215,18937,NA,NA,NA,NA,NA,NA,77411,45330
"51041100935","Census Tract 1009.35, Chesterfield County, Virginia","041","Chesterfield County","Richmond",NA,NA,4651,274,NA,NA,NA,NA,37.5,68.4,165000,27662,165083,27332,NA,NA,NA,NA,NA,NA,NA,NA,NA,NA
"51041100936","Census Tract 1009.36, Chesterfield County, Virginia","041","Chesterfield County","Richmond",NA,NA,3543,289,NA,NA,NA,NA,NA,NA,142083,18326,142788,17650,128750,64867,NA,NA,NA,NA,NA,NA,111528,79310
"51041100937","Census Tract 1009.37, Chesterfield County, Virginia","041","Chesterfield County","Richmond",1374,91,2155,173,0.637587006960557,0.0663551230681176,63039,23944,26.8,3.2,94653,16321,105614,15858,62819,20335,NA,NA,NA,NA,NA,NA,143425,62915
"51041100938","Census Tract 1009.38, Chesterfield County, Virginia","041","Chesterfield County","Richmond",1988,321,2983,1256,0.666443178008716,0.300533728677234,112115,64126,20.8,4.1,191966,52127,218105,102953,156556,28502,NA,NA,157500,74342,NA,NA,NA,NA
"51041101003","Census Tract 1010.03, Chesterfield County, Virginia","041","Chesterfield County","Richmond",1694,430,3645,741,0.464746227709191,0.151139710510577,NA,NA,51,NA,125750,24176,126028,22638,141908,37822,NA,NA,NA,NA,NA,NA,44133,37580
"51041101004","Census Tract 1010.04, Chesterfield County, Virginia","041","Chesterfield County","Richmond",1122,125,2734,178,0.410387710314557,0.0529552628216085,51087,12902,22.7,8.6,108438,8082,101556,5970,118125,46940,NA,NA,NA,NA,NA,NA,130640,29890
"51041101007","Census Tract 1010.07, Chesterfield County, Virginia","041","Chesterfield County","Richmond",1661,275,2727,177,0.609094242757609,0.10831595204748,71908,16411,26.4,5.9,109638,13284,109683,16670,80880,44191,NA,NA,111250,10395,NA,NA,250001,NA
"51041101008","Census Tract 1010.08, Chesterfield County, Virginia","041","Chesterfield County","Richmond",1457,228,3426,151,0.42527729130181,0.0691391899149019,91625,59270,20.6,4.8,132083,25168,141813,20887,105038,74280,NA,NA,118362,115741,NA,NA,250001,NA
"51041101009","Census Tract 1010.09, Chesterfield County, Virginia","041","Chesterfield County","Richmond",1911,494,2921,226,0.654228004108182,0.176532784684824,102500,80782,20.3,5,110257,11430,106875,15672,135000,51949,NA,NA,105746,35107,NA,NA,88406,21900
"51041101011","Census Tract 1010.11, Chesterfield County, Virginia","041","Chesterfield County","Richmond",1786,184,2230,176,0.800896860986547,0.103940263377216,120370,49219,19,4.7,110915,10429,110238,14895,130577,32644,NA,NA,NA,NA,NA,NA,NA,NA
"51041101012","Census Tract 1010.12, Chesterfield County, Virginia","041","Chesterfield County","Richmond",1411,58,1868,232,0.755353319057816,0.0988173224408717,67292,35047,27,8.5,102582,15060,100333,20927,108675,47229,NA,NA,NA,NA,NA,NA,NA,NA
"51041101013","Census Tract 1010.13, Chesterfield County, Virginia","041","Chesterfield County","Richmond",NA,NA,2735,163,NA,NA,NA,NA,NA,NA,118430,7864,119244,7189,NA,NA,NA,NA,NA,NA,NA,NA,NA,NA
"51041101014","Census Tract 1010.14, Chesterfield County, Virginia","041","Chesterfield County","Richmond",2625,897,2665,271,0.984990619136961,0.351172592121726,NA,NA,40.5,49.3,88534,12392,86333,5496,NA,NA,NA,NA,208913,72830,NA,NA,NA,NA
"51041101015","Census Tract 1010.15, Chesterfield County, Virginia","041","Chesterfield County","Richmond",2216,2147,3010,259,0.736212624584718,0.716096561697768,78153,59079,28.6,11.7,109832,14632,113854,14150,109875,66184,NA,NA,56250,14501,NA,NA,124792,52285
"51125950101","Census Tract 9501.01, Nelson County, Virginia","125","Nelson","Charlottesville",737,53,840,139,0.877380952380952,0.158303140341516,80301,58832,13.7,10.8,53579,9325,53425,11871,55511,40267,NA,NA,NA,NA,NA,NA,NA,NA
"51125950102","Census Tract 9501.02, Nelson County, Virginia","125","Nelson","Charlottesville",1306,986,1357,263,0.962417096536478,0.750162352119168,15841,1627,51,NA,44167,37462,71691,18369,16045,1729,NA,NA,NA,NA,NA,NA,NA,NA
"51125950201","Census Tract 9502.01, Nelson County, Virginia","125","Nelson","Charlottesville",NA,NA,1387,263,NA,NA,44754,17822,NA,NA,68125,25959,71010,24325,31780,12621,NA,NA,NA,NA,NA,NA,NA,NA
"51125950202","Census Tract 9502.02, Nelson County, Virginia","125","Nelson","Charlottesville",1100,229,2792,469,0.393982808022923,0.105390902326986,65069,31964,19.9,27.6,95250,33347,105455,18295,NA,NA,NA,NA,NA,NA,NA,NA,NA,NA
"51125950300","Census Tract 9503, Nelson County, Virginia","125","Nelson","Charlottesville",661,339,1218,286,0.542692939244663,0.30611006399058,29475,11489,27.8,7.7,53568,12011,52159,11552,70208,52656,NA,NA,NA,NA,NA,NA,2499,NA
"51670820100","Census Tract 8201, Hopewell city, Virginia","670","Hopewell City","Richmond",747,152,1230,356,0.607317073170732,0.214868911537728,NA,NA,23.4,5.1,47250,26881,51667,14356,NA,NA,NA,NA,NA,NA,NA,NA,80848,33830
"51670820300","Census Tract 8203, Hopewell city, Virginia","670","Hopewell City","Richmond",752,130,877,207,0.857468643101482,0.25086771310662,24890,12618,28.6,5.8,33681,10277,42869,8393,23836,13756,NA,NA,NA,NA,NA,NA,2499,NA
"51670820400","Census Tract 8204, Hopewell city, Virginia","670","Hopewell City","Richmond",1158,135,1446,153,0.800829875518672,0.126080587859311,35496,21476,41.5,32.6,51960,10903,51488,4747,NA,NA,NA,NA,NA,NA,NA,NA,40797,29404
"51670820500","Census Tract 8205, Hopewell city, Virginia","670","Hopewell City","Richmond",1070,89,1285,78,0.832684824902724,0.0857424641613988,27240,7127,34.2,30.3,52450,11461,51350,11288,40714,38331,NA,NA,NA,NA,NA,NA,97724,47555
"51670820600","Census Tract 8206, Hopewell city, Virginia","670","Hopewell City","Richmond",927,44,977,157,0.948822927328557,0.158984129943925,28625,13337,26.6,7.1,37314,13072,35423,12273,43750,28497,NA,NA,NA,NA,NA,NA,NA,NA
"51670820700","Census Tract 8207, Hopewell city, Virginia","670","Hopewell City","Richmond",894,55,974,180,0.917864476386037,0.178778055678443,36576,6224,34.3,9,37156,4192,40208,15225,36653,4085,NA,NA,NA,NA,NA,NA,NA,NA
"51670980100","Census Tract 9801, Hopewell city, Virginia","670","Hopewell City","Richmond",NA,NA,NA,NA,NA,NA,NA,NA,NA,NA,NA,NA,NA,NA,NA,NA,NA,NA,NA,NA,NA,NA,NA,NA
"51730810100","Census Tract 8101, Petersburg city, Virginia","730","Petersburg City","Richmond",830,121,770,310,1.07792207792208,0.461543766408835,20612,13405,34.4,13.4,25500,13573,36063,4802,22382,13849,NA,NA,NA,NA,NA,NA,NA,NA
"51730810300","Census Tract 8103, Petersburg city, Virginia","730","Petersburg City","Richmond",1133,75,929,281,1.21959095801938,0.377627390434274,57759,22348,26.6,8.6,49808,14227,55625,20267,49423,21006,NA,NA,NA,NA,NA,NA,NA,NA
"51730810400","Census Tract 8104, Petersburg city, Virginia","730","Petersburg City","Richmond",979,40,NA,NA,NA,NA,34167,13061,43.1,15.4,34500,11066,NA,NA,31645,14342,NA,NA,NA,NA,NA,NA,NA,NA
"51730810500","Census Tract 8105, Petersburg city, Virginia","730","Petersburg City","Richmond",848,64,1191,79,0.7120067170445,0.0715407475795944,30000,13488,38,14.6,40552,9174,NA,NA,36964,9855,NA,NA,NA,NA,NA,NA,NA,NA
"51730810600","Census Tract 8106, Petersburg city, Virginia","730","Petersburg City","Richmond",745,236,943,222,0.790031813361612,0.311808132400219,20074,5935,33.4,6.6,24659,6473,NA,NA,23523,6228,NA,NA,83125,45698,NA,NA,NA,NA
"51730810700","Census Tract 8107, Petersburg city, Virginia","730","Petersburg City","Richmond",635,355,850,266,0.747058823529412,0.478627945678284,NA,NA,24.6,5.4,35917,23365,NA,NA,37000,23240,NA,NA,NA,NA,NA,NA,NA,NA
"51730810900","Census Tract 8109, Petersburg city, Virginia","730","Petersburg City","Richmond",1106,123,1387,173,0.797404470079308,0.133253648053572,NA,NA,29.2,20.9,60286,35480,48000,28424,61364,44638,NA,NA,NA,NA,NA,NA,NA,NA
"51730811000","Census Tract 8110, Petersburg city, Virginia","730","Petersburg City","Richmond",952,18,2079,400,0.457912457912458,0.0885268429898316,41175,10548,27.8,6.5,48761,1211,51875,10953,48500,4517,NA,NA,NA,NA,NA,NA,48811,660
"51730811100","Census Tract 8111, Petersburg city, Virginia","730","Petersburg City","Richmond",1208,72,1676,125,0.720763723150358,0.0688131250841681,56726,17292,24.6,6.8,53795,9013,62629,10316,48393,15596,NA,NA,142944,94188,NA,NA,62619,33702
"51730811200","Census Tract 8112, Petersburg city, Virginia","730","Petersburg City","Richmond",953,63,1679,202,0.567599761762954,0.0779175461599341,44537,17222,23,8.3,49671,17848,48750,14100,54964,22113,NA,NA,63750,40744,NA,NA,NA,NA
"51730811300","Census Tract 8113, Petersburg city, Virginia","730","Petersburg City","Richmond",856,96,733,518,1.16780354706685,0.835596695959564,30441,21068,27.6,2.8,38073,13328,36190,18437,31357,18337,NA,NA,NA,NA,NA,NA,NA,NA
"51760010201","Census Tract 102.01, Richmond city, Virginia","760","Richmond City","Richmond",936,165,2963,414,0.315896051299359,0.0710576195537025,34494,7770,31.5,9.5,63254,14799,95500,49455,34464,9071,NA,NA,NA,NA,NA,NA,NA,NA
"51760010202","Census Tract 102.02, Richmond city, Virginia","760","Richmond City","Richmond",1388,108,2279,379,0.609039052215884,0.111821942382308,47717,18451,37.4,9.5,55708,10829,63652,28331,55014,22330,NA,NA,NA,NA,NA,NA,NA,NA
"51760010300","Census Tract 103, Richmond city, Virginia","760","Richmond City","Richmond",755,154,1353,375,0.558019216555802,0.192029883240881,17063,4982,34,11.1,17928,5318,NA,NA,17074,4963,NA,NA,NA,NA,NA,NA,NA,NA
"51760010401","Census Tract 104.01, Richmond city, Virginia","760","Richmond City","Richmond",740,71,3583,342,0.206530840078147,0.0279515425507976,21464,10643,33,16.2,72083,29992,112721,25469,19846,3709,NA,NA,NA,NA,NA,NA,NA,NA
"51760010402","Census Tract 104.02, Richmond city, Virginia","760","Richmond City","Richmond",745,60,4007,402,0.185924631894185,0.0239194665712143,22173,9836,41.2,13.5,71858,15431,108550,21781,34375,6101,NA,NA,NA,NA,NA,NA,NA,NA
"51760010500","Census Tract 105, Richmond city, Virginia","760","Richmond City","Richmond",840,63,1869,294,0.449438202247191,0.0783227155034086,26825,6366,34.8,15.2,50938,21172,110729,47069,37500,13995,NA,NA,NA,NA,NA,NA,NA,NA
"51760010600","Census Tract 106, Richmond city, Virginia","760","Richmond City","Richmond",1080,81,1936,156,0.557851239669422,0.0614089999323185,48125,35797,33.2,18.5,63797,4196,75000,39734,46500,14867,NA,NA,65481,33297,NA,NA,NA,NA
"51760010700","Census Tract 107, Richmond city, Virginia","760","Richmond City","Richmond",1086,112,1557,220,0.697495183044316,0.122013617035045,44306,18369,27.7,4.7,53287,4241,82955,42301,50478,11129,NA,NA,NA,NA,NA,NA,NA,NA
"51760010800","Census Tract 108, Richmond city, Virginia","760","Richmond City","Richmond",1066,148,1280,124,0.8328125,0.140990052924086,24375,15435,37.9,11.1,35464,7899,83523,48352,31667,10815,NA,NA,NA,NA,NA,NA,41724,8760
"51760010900","Census Tract 109, Richmond city, Virginia","760","Richmond City","Richmond",1079,98,1193,218,0.904442581726739,0.184560272175331,37232,20004,32.7,1.9,37864,3594,39543,38714,37509,5751,NA,NA,NA,NA,NA,NA,NA,NA
"51760011000","Census Tract 110, Richmond city, Virginia","760","Richmond City","Richmond",1073,93,1452,172,0.738980716253444,0.108467467888473,32679,10052,41.8,8.3,40408,9877,101964,18911,35385,11959,NA,NA,NA,NA,NA,NA,NA,NA
"51760011100","Census Tract 111, Richmond city, Virginia","760","Richmond City","Richmond",952,130,1788,195,0.532438478747204,0.0930493729204975,34784,8180,35.6,6.8,46689,8579,45592,12038,49601,22208,NA,NA,9183,1762,NA,NA,8553,826
"51760020100","Census Tract 201, Richmond city, Virginia","760","Richmond City","Richmond",329,125,898,215,0.366369710467706,0.164530672403667,11341,9577,36.9,5.3,17935,6776,NA,NA,18288,5276,NA,NA,NA,NA,NA,NA,NA,NA
"51760020200","Census Tract 202, Richmond city, Virginia","760","Richmond City","Richmond",308,259,1198,349,0.257095158597663,0.228799493166988,15877,4359,28.6,7.1,17602,3981,NA,NA,17773,3948,NA,NA,NA,NA,NA,NA,NA,NA
"51760020300","Census Tract 203, Richmond city, Virginia","760","Richmond City","Richmond",1085,113,1471,228,0.737593473827328,0.137735861572214,NA,NA,46.3,28.9,40263,22379,65048,25218,16917,12702,NA,NA,NA,NA,NA,NA,NA,NA
"51760020400","Census Tract 204, Richmond city, Virginia","760","Richmond City","Richmond",390,150,1033,257,0.377541142303969,0.172939158202756,13629,4814,34.8,6.4,15703,7818,14750,5570,16146,12077,NA,NA,NA,NA,NA,NA,NA,NA
"51760020501","Census Tract 205.01, Richmond city, Virginia","760","Richmond City","Richmond",1166,39,4933,1204,0.236367322116359,0.0582295005435758,47463,11544,26.7,3.3,52109,10129,54263,18676,38058,11898,NA,NA,11563,11176,NA,NA,NA,NA
"51760020502","Census Tract 205.02, Richmond city, Virginia","760","Richmond City","Richmond",1216,65,3515,1726,0.345945945945946,0.170876301664862,53397,10032,29.2,5.2,53799,1927,73452,24538,52986,10578,NA,NA,40058,22158,NA,NA,153509,898
"51760020600","Census Tract 206, Richmond city, Virginia","760","Richmond City","Richmond",1111,152,2937,731,0.378277153558052,0.10743731943228,40789,5680,32.3,5.3,70278,15991,91667,19479,38837,7425,NA,NA,NA,NA,NA,NA,128750,90152
"51760020700","Census Tract 207, Richmond city, Virginia","760","Richmond City","Richmond",706,295,1655,275,0.426586102719033,0.191824499002704,24167,12820,31.9,3.4,48378,14577,70625,50053,31406,13800,NA,NA,NA,NA,NA,NA,NA,NA
"51760020800","Census Tract 208, Richmond city, Virginia","760","Richmond City","Richmond",1512,250,3622,288,0.417448923246825,0.076589192922643,53393,8210,35,16.7,79423,33450,110962,21678,47250,32671,NA,NA,NA,NA,NA,NA,NA,NA
"51760020900","Census Tract 209, Richmond city, Virginia","760","Richmond City","Richmond",951,27,1588,292,0.598866498740554,0.111423902903952,35859,7465,31.2,6.3,41719,20607,82500,21493,37120,13444,NA,NA,NA,NA,NA,NA,80435,24226
"51760021000","Census Tract 210, Richmond city, Virginia","760","Richmond City","Richmond",670,408,1640,138,0.408536585365854,0.251144379885352,10404,9249,51,NA,NA,NA,74063,34574,NA,NA,NA,NA,NA,NA,NA,NA,46705,19256
"51760021100","Census Tract 211, Richmond city, Virginia","760","Richmond City","Richmond",1066,187,1772,670,0.601580135440181,0.250748125316999,45114,26025,30.3,6.7,28400,25531,56591,39523,20536,14350,NA,NA,NA,NA,NA,NA,91250,38818
"51760021200","Census Tract 212, Richmond city, Virginia","760","Richmond City","Richmond",1077,94,1062,318,1.01412429378531,0.316301195244698,29719,8237,47.1,16.7,34342,9809,53304,5551,29213,7616,NA,NA,NA,NA,NA,NA,NA,NA
"51760030100","Census Tract 301, Richmond city, Virginia","760","Richmond City","Richmond",257,61,NA,NA,NA,NA,13458,4726,23.2,4.1,13458,4726,NA,NA,14167,4970,NA,NA,NA,NA,NA,NA,NA,NA
"51760030200","Census Tract 302, Richmond city, Virginia","760","Richmond City","Richmond",876,48,3514,1991,0.249288560045532,0.14190356894838,17500,3813,48.9,26.3,NA,NA,35517,24691,NA,NA,NA,NA,2499,NA,NA,NA,NA,NA
"51760030501","Census Tract 305.01, Richmond city, Virginia","760","Richmond City","Richmond",1096,48,NA,NA,NA,NA,22551,10398,51,NA,21855,11182,20040,11196,NA,NA,NA,NA,23712,11709,NA,NA,26218,5392
"51760030502","Census Tract 305.02, Richmond city, Virginia","760","Richmond City","Richmond",1366,97,3406,2133,0.401056958308867,0.252770506095249,60801,3381,28.5,4.2,61579,7072,61026,8827,77941,46573,NA,NA,2499,NA,NA,NA,NA,NA
"51760040201","Census Tract 402.01, Richmond city, Virginia","760","Richmond City","Richmond",1170,199,1435,969,0.815331010452962,0.567757856902845,23333,12034,46,11,29417,8806,25161,9684,32750,9187,NA,NA,NA,NA,NA,NA,91406,68798
"51760040202","Census Tract 402.02, Richmond city, Virginia","760","Richmond City","Richmond",1247,80,1818,205,0.685918591859186,0.0889867681464789,46200,15765,29.9,7.5,46650,16201,52961,16482,30762,18671,NA,NA,67500,48766,NA,NA,NA,NA
"51760040300","Census Tract 403, Richmond city, Virginia","760","Richmond City","Richmond",1153,139,4208,3056,0.274001901140684,0.201713023402392,10750,1752,51,NA,NA,NA,22826,13092,10927,611,NA,NA,NA,NA,NA,NA,4643,3324
"51760040400","Census Tract 404, Richmond city, Virginia","760","Richmond City","Richmond",1173,237,6755,1739,0.173649148778682,0.0568279688174471,17278,2718,48.3,14.4,30187,7401,31912,9660,16132,7042,NA,NA,7500,2011,NA,NA,15583,11666
"51760040500","Census Tract 405, Richmond city, Virginia","760","Richmond City","Richmond",1284,100,5580,2774,0.23010752688172,0.115789226122935,48333,12512,28,9.3,66686,14818,75208,16321,NA,NA,NA,NA,NA,NA,NA,NA,NA,NA
"51760040600","Census Tract 406, Richmond city, Virginia","760","Richmond City","Richmond",1290,99,4511,452,0.285967634670805,0.0360927095781491,55544,6013,26.7,3.7,56696,4997,64342,7967,NA,NA,NA,NA,36588,2318,NA,NA,135917,84551
"51760040700","Census Tract 407, Richmond city, Virginia","760","Richmond City","Richmond",1174,56,4396,441,0.267060964513194,0.0296655352960937,54394,5771,25.9,3.5,65909,18609,71563,12957,38333,9181,NA,NA,NA,NA,NA,NA,NA,NA
"51760040800","Census Tract 408, Richmond city, Virginia","760","Richmond City","Richmond",1060,125,3500,342,0.302857142857143,0.0463819321987089,58625,16005,26.4,6.7,69205,14410,72750,14084,NA,NA,NA,NA,2499,NA,NA,NA,76161,6013
"51760040900","Census Tract 409, Richmond city, Virginia","760","Richmond City","Richmond",1262,89,3867,788,0.326351176622705,0.0703723626880503,55049,9293,26.3,4.6,72000,17411,80469,20857,61492,13169,NA,NA,NA,NA,NA,NA,120000,117919
"51760041000","Census Tract 410, Richmond city, Virginia","760","Richmond City","Richmond",1316,135,5758,419,0.228551580409865,0.0287454120829084,68450,18988,26.4,2.6,135000,29398,135357,29143,26528,18732,NA,NA,118667,104579,NA,NA,NA,NA
"51760041100","Census Tract 411, Richmond city, Virginia","760","Richmond City","Richmond",1396,78,3414,639,0.408904510837727,0.079872232057576,58906,9098,24.2,1.6,62950,9754,72457,18634,12462,9992,NA,NA,16719,14853,NA,NA,49018,29302
"51760041200","Census Tract 412, Richmond city, Virginia","760","Richmond City","Richmond",1640,164,2148,342,0.763500931098696,0.143551032936321,69432,43000,24.9,24.5,68188,27118,56875,26759,NA,NA,NA,NA,NA,NA,NA,NA,NA,NA
"51760041300","Census Tract 413, Richmond city, Virginia","760","Richmond City","Richmond",1056,740,2174,352,0.485740570377185,0.349354252205172,40625,12762,31.7,7.4,54539,15811,62656,15973,45428,14637,NA,NA,61591,10967,NA,NA,NA,NA
"51760041400","Census Tract 414, Richmond city, Virginia","760","Richmond City","Richmond",1083,59,2236,220,0.484347048300537,0.0544723010293422,41591,4279,30.5,3.4,53661,8412,69833,10550,44100,8161,NA,NA,228056,162181,NA,NA,33125,28534
"51760041600","Census Tract 416, Richmond city, Virginia","760","Richmond City","Richmond",1402,237,2753,242,0.509262622593534,0.0970316783182299,89659,2952,25.9,4.6,88000,8246,125114,31469,48750,17840,NA,NA,NA,NA,NA,NA,NA,NA
"51760050100","Census Tract 501, Richmond city, Virginia","760","Richmond City","Richmond",1114,61,4162,373,0.267659778952427,0.0281109160633809,42745,17126,33.6,6.2,72582,18408,76618,15050,18177,4819,NA,NA,NA,NA,NA,NA,NA,NA
"51760050200","Census Tract 502, Richmond city, Virginia","760","Richmond City","Richmond",1577,292,4185,268,0.376821983273596,0.0738280243203363,97097,32988,21.2,2.8,114688,12808,115147,15596,NA,NA,NA,NA,NA,NA,NA,NA,96838,34268
"51760050300","Census Tract 503, Richmond city, Virginia","760","Richmond City","Richmond",1581,108,4045,623,0.390852904820766,0.0658534948728157,67798,20436,24.1,4.9,95504,11703,95746,9664,NA,NA,NA,NA,NA,NA,NA,NA,NA,NA
"51065020101","Census Tract 201.01, Fluvanna County, Virginia","065","Fluvanna","Charlottesville",1497,168,1786,349,0.838185890257559,0.188878268261762,72679,25225,18.3,20.6,86114,5331,86269,5452,76458,47921,NA,NA,NA,NA,NA,NA,NA,NA
"51065020103","Census Tract 201.03, Fluvanna County, Virginia","065","Fluvanna","Charlottesville",1419,69,2044,319,0.694227005870842,0.113482720463048,NA,NA,51,NA,77070,19890,76367,20262,86316,73950,NA,NA,NA,NA,NA,NA,NA,NA
"51065020104","Census Tract 201.04, Fluvanna County, Virginia","065","Fluvanna","Charlottesville",1737,206,1769,121,0.981910684002261,0.134430103676841,52171,51311,28.4,6.4,79590,6296,79114,7096,109338,57278,NA,NA,NA,NA,NA,NA,NA,NA
"51760050400","Census Tract 504, Richmond city, Virginia","760","Richmond City","Richmond",NA,NA,5438,682,NA,NA,NA,NA,47.5,47.6,173375,41876,179929,30159,15852,1649,NA,NA,NA,NA,NA,NA,NA,NA
"51760050500","Census Tract 505, Richmond city, Virginia","760","Richmond City","Richmond",1561,251,3619,893,0.431334622823985,0.127036644865724,69115,20671,32.8,10.3,116678,32628,117368,35764,NA,NA,NA,NA,NA,NA,NA,NA,NA,NA
"51760050600","Census Tract 506, Richmond city, Virginia","760","Richmond City","Richmond",NA,NA,10001,NA,NA,NA,69583,8100,NA,NA,250001,NA,250001,NA,NA,NA,NA,NA,NA,NA,NA,NA,250001,NA
"51760060200","Census Tract 602, Richmond city, Virginia","760","Richmond City","Richmond",1082,65,1130,176,0.957522123893805,0.159844917557018,35466,6800,40.5,12.9,38750,10823,49659,40087,36798,8211,NA,NA,NA,NA,NA,NA,NA,NA
"51760060400","Census Tract 604, Richmond city, Virginia","760","Richmond City","Richmond",1045,156,911,604,1.14709110867179,0.779570065590772,30732,6442,41.8,17.1,41250,12160,NA,NA,40420,11881,NA,NA,NA,NA,NA,NA,NA,NA
"51760060501","Census Tract 605.01, Richmond city, Virginia","760","Richmond City","Richmond",1125,155,2917,446,0.385670209118958,0.0793770297243469,48696,14246,31.3,5.9,77604,33290,100278,40071,NA,NA,NA,NA,NA,NA,NA,NA,NA,NA
"51760060502","Census Tract 605.02, Richmond city, Virginia","760","Richmond City","Richmond",868,38,3322,380,0.261288380493679,0.032002663395873,28188,8865,36.5,10.2,53969,21132,92045,25859,30841,10593,NA,NA,NA,NA,NA,NA,NA,NA
"51760060600","Census Tract 606, Richmond city, Virginia","760","Richmond City","Richmond",1393,135,3323,407,0.419199518507373,0.0654722415269936,56481,20495,22.7,7.4,108897,10698,109632,13621,81250,78925,NA,NA,NA,NA,NA,NA,NA,NA
"51760060700","Census Tract 607, Richmond city, Virginia","760","Richmond City","Richmond",905,125,1065,197,0.849765258215962,0.196172274911787,25979,4330,29.5,3.4,31719,10892,44063,21110,30246,10119,NA,NA,NA,NA,NA,NA,NA,NA
"51760060800","Census Tract 608, Richmond city, Virginia","760","Richmond City","Richmond",937,57,600,501,1.56166666666667,1.30744761529329,26017,5753,41.1,11.8,26992,4203,23438,22636,26250,4567,NA,NA,NA,NA,NA,NA,43092,7825
"51760060900","Census Tract 609, Richmond city, Virginia","760","Richmond City","Richmond",1120,93,NA,NA,NA,NA,51429,33506,27.6,10.4,33977,26379,52656,43724,NA,NA,NA,NA,NA,NA,NA,NA,NA,NA
"51760061001","Census Tract 610.01, Richmond city, Virginia","760","Richmond City","Richmond",943,251,1800,115,0.523888888888889,0.143405158345044,33070,7940,37.4,5.2,35264,3301,56989,12102,31141,10905,NA,NA,NA,NA,NA,NA,NA,NA
"51760061002","Census Tract 610.02, Richmond city, Virginia","760","Richmond City","Richmond",1184,61,NA,NA,NA,NA,52603,3588,27.7,2.4,53146,2968,54938,4067,36828,20499,NA,NA,NA,NA,NA,NA,NA,NA
"51760070100","Census Tract 701, Richmond city, Virginia","760","Richmond City","Richmond",1479,88,3352,618,0.441229116945107,0.0854796440255983,86250,20651,22,4,89875,13635,88975,15734,95606,32387,NA,NA,101250,62546,NA,NA,NA,NA
"51760070300","Census Tract 703, Richmond city, Virginia","760","Richmond City","Richmond",971,27,3211,362,0.302398006851448,0.0351132542643469,37975,12525,32.5,6.9,66419,19079,78542,30208,49315,12849,NA,NA,NA,NA,NA,NA,NA,NA
"51760070400","Census Tract 704, Richmond city, Virginia","760","Richmond City","Richmond",1548,266,2968,260,0.521563342318059,0.100596964653353,76250,16257,25.9,12.4,94185,13608,92935,13172,NA,NA,NA,NA,145050,8329,NA,NA,108500,68323
"51760070601","Census Tract 706.01, Richmond city, Virginia","760","Richmond City","Richmond",874,40,1213,294,0.720527617477329,0.177723466960394,38419,9541,29.4,5.7,36974,7767,46685,6189,40305,9115,NA,NA,NA,NA,NA,NA,38313,17812
"51760070602","Census Tract 706.02, Richmond city, Virginia","760","Richmond City","Richmond",1125,111,1390,106,0.809352517985611,0.100927735855177,44904,16857,33,6.1,53929,12845,65349,26870,55972,15584,NA,NA,NA,NA,NA,NA,43250,31584
"51760070700","Census Tract 707, Richmond city, Virginia","760","Richmond City","Richmond",1002,144,1342,58,0.746646795827124,0.112049751833947,32828,13073,34.2,5.4,47872,9596,39514,7276,50042,11821,NA,NA,NA,NA,NA,NA,46250,27938
"51760070802","Census Tract 708.02, Richmond city, Virginia","760","Richmond City","Richmond",1300,94,1203,116,1.08063175394846,0.130243247899963,43377,20341,36.1,4.5,47000,9073,57019,26771,44159,10375,NA,NA,NA,NA,NA,NA,54659,46859
"51760070803","Census Tract 708.03, Richmond city, Virginia","760","Richmond City","Richmond",892,83,1541,311,0.578844905905256,0.128639447076926,24665,11756,44,13.7,33595,5276,27023,11677,34208,21074,NA,NA,NA,NA,NA,NA,32639,4682
"51760070804","Census Tract 708.04, Richmond city, Virginia","760","Richmond City","Richmond",875,64,1758,224,0.497724687144482,0.073125059794199,35122,11397,32.1,1,56667,17843,56875,27999,59375,24770,NA,NA,NA,NA,NA,NA,NA,NA
"51760070901","Census Tract 709.01, Richmond city, Virginia","760","Richmond City","Richmond",1123,119,1644,145,0.6830900243309,0.09417723708745,36419,5025,34.2,13.7,39724,9862,NA,NA,39801,9497,NA,NA,NA,NA,NA,NA,90666,24427
"51760070902","Census Tract 709.02, Richmond city, Virginia","760","Richmond City","Richmond",900,72,NA,NA,NA,NA,33500,14938,29.6,10.1,41944,16277,47155,15271,37206,19087,NA,NA,NA,NA,NA,NA,NA,NA
"51760071002","Census Tract 710.02, Richmond city, Virginia","760","Richmond City","Richmond",1092,39,1350,239,0.808888888888889,0.146088161028645,31382,7701,34.6,11,55156,8330,60750,7478,51490,23324,NA,NA,10143,1996,NA,NA,NA,NA
"51760071003","Census Tract 710.03, Richmond city, Virginia","760","Richmond City","Richmond",1136,90,1258,284,0.90302066772655,0.21605050535402,38651,6273,33.1,5.8,39534,2834,38926,1462,40951,11167,NA,NA,NA,NA,NA,NA,NA,NA
"51760071004","Census Tract 710.04, Richmond city, Virginia","760","Richmond City","Richmond",1136,108,NA,NA,NA,NA,15632,7136,51,NA,15632,7136,NA,NA,13942,5292,NA,NA,NA,NA,NA,NA,NA,NA
"51760071100","Census Tract 711, Richmond city, Virginia","760","Richmond City","Richmond",1030,103,2074,321,0.496624879459981,0.0915122145223914,36843,3257,29.5,6,49097,12524,55368,24980,28137,16015,NA,NA,NA,NA,NA,NA,250001,NA
"51065020200","Census Tract 202, Fluvanna County, Virginia","065","Fluvanna","Charlottesville",638,289,1548,301,0.412144702842377,0.203165919883788,46991,8068,18.8,10.4,65802,22111,70808,9550,34441,9495,NA,NA,NA,NA,NA,NA,NA,NA
"51065020300","Census Tract 203, Fluvanna County, Virginia","065","Fluvanna","Charlottesville",1037,133,1847,349,0.561451001624256,0.128219052123535,44848,9218,21.3,4.8,87759,13623,86250,13964,77262,41216,NA,NA,NA,NA,NA,NA,NA,NA
"51003010100","Census Tract 101, Albemarle County, Virginia","003","Albemarle","Charlottesville",1666,391,3555,833,0.468635724331927,0.155419049037204,64915,49744,16.7,4.4,87000,24390,95000,26674,NA,NA,NA,NA,NA,NA,NA,NA,NA,NA
"51003010201","Census Tract 102.01, Albemarle County, Virginia","003","Albemarle","Charlottesville",1215,208,2495,171,0.486973947895792,0.0897995225136812,92222,26959,17.8,6.5,89410,13084,96250,14196,48789,29396,NA,NA,NA,NA,NA,NA,83438,27277
"51003010202","Census Tract 102.02, Albemarle County, Virginia","003","Albemarle","Charlottesville",1182,341,4087,789,0.289209689258625,0.100392667016927,NA,NA,27.5,40.6,120050,18687,117054,16628,NA,NA,NA,NA,NA,NA,NA,NA,248977,66573
"51003010301","Census Tract 103.01, Albemarle County, Virginia","003","Albemarle","Charlottesville",1641,1057,2071,547,0.792370835345244,0.551623931208424,NA,NA,18.1,8.2,106359,13185,104750,17794,143882,46641,NA,NA,NA,NA,NA,NA,NA,NA
"51003010302","Census Tract 103.02, Albemarle County, Virginia","003","Albemarle","Charlottesville",2135,183,3300,380,0.646969696969697,0.0928729680821845,66538,53913,32.8,5.6,116875,79070,116648,90314,NA,NA,NA,NA,NA,NA,NA,NA,NA,NA
"51003010303","Census Tract 103.03, Albemarle County, Virginia","003","Albemarle","Charlottesville",1432,179,2642,240,0.542013626040878,0.0837528657628085,55964,8738,28.8,8.5,95229,10004,92168,9691,175268,141553,NA,NA,160069,58577,NA,NA,95483,27341
"51003010401","Census Tract 104.01, Albemarle County, Virginia","003","Albemarle","Charlottesville",1125,149,3251,871,0.346047370039988,0.103422063028009,48469,12549,24.6,4.6,88902,15978,106313,36187,49625,19013,NA,NA,NA,NA,NA,NA,NA,NA
"51003010402","Census Tract 104.02, Albemarle County, Virginia","003","Albemarle","Charlottesville",1109,335,4300,286,0.257906976744186,0.079773117787013,58958,31820,24.5,36.9,96375,16254,101544,15235,NA,NA,NA,NA,NA,NA,NA,NA,NA,NA
"51003010501","Census Tract 105.01, Albemarle County, Virginia","003","Albemarle","Charlottesville",1661,486,3412,434,0.486811254396249,0.15531575015938,39799,6863,51,NA,119722,26743,105943,24605,201062,485,NA,NA,NA,NA,NA,NA,NA,NA
"51003010502","Census Tract 105.02, Albemarle County, Virginia","003","Albemarle","Charlottesville",1323,351,1775,260,0.745352112676056,0.225883995260234,64674,11813,30.4,10.5,75615,12625,80703,16354,41372,29710,NA,NA,NA,NA,NA,NA,NA,NA
"51003010602","Census Tract 106.02, Albemarle County, Virginia","003","Albemarle","Charlottesville",1550,133,2288,609,0.677447552447552,0.189455234137821,87125,9737,23.2,3.2,100240,15708,104415,16209,55893,25098,NA,NA,84792,31597,NA,NA,86346,50004
"51003010603","Census Tract 106.03, Albemarle County, Virginia","003","Albemarle","Charlottesville",1382,49,1757,79,0.786568013659647,0.0450394498226592,55228,20378,34.8,3.7,42627,14281,41667,17265,NA,NA,NA,NA,83024,82318,NA,NA,NA,NA
"51079030101","Census Tract 301.01, Greene County, Virginia","079","Greene","Charlottesville",965,257,1567,192,0.615826419910657,0.180532642786234,40951,6649,27.3,4.1,58625,8725,61319,6148,NA,NA,NA,NA,NA,NA,NA,NA,48380,22125
"51079030102","Census Tract 301.02, Greene County, Virginia","079","Greene","Charlottesville",984,485,1577,198,0.623969562460368,0.317367386830011,31071,6753,28.4,5.8,55463,12721,57280,13418,31364,7471,NA,NA,NA,NA,NA,NA,NA,NA
"51079030201","Census Tract 302.01, Greene County, Virginia","079","Greene","Charlottesville",1337,93,1696,184,0.788325471698113,0.101594992272915,61621,4831,26.7,5,79978,14196,88319,17950,67158,4742,NA,NA,171083,110564,NA,NA,66182,255
"51079030202","Census Tract 302.02, Greene County, Virginia","079","Greene","Charlottesville",963,275,1849,222,0.520822065981612,0.16134012321273,61528,9628,17.8,1.2,71024,7932,71358,10434,NA,NA,NA,NA,NA,NA,NA,NA,NA,NA
"51003010604","Census Tract 106.04, Albemarle County, Virginia","003","Albemarle","Charlottesville",1436,232,2657,254,0.540459164471208,0.101457149560659,48267,24981,45.3,7.6,92500,8784,105385,10467,32954,30844,NA,NA,NA,NA,NA,NA,NA,NA
"51003010701","Census Tract 107.01, Albemarle County, Virginia","003","Albemarle","Charlottesville",1166,55,1433,261,0.813677599441731,0.153088824520184,42766,12689,33.6,10.8,45385,20628,43443,17440,41455,22838,NA,NA,140112,97583,NA,NA,250001,NA
"51003010702","Census Tract 107.02, Albemarle County, Virginia","003","Albemarle","Charlottesville",1410,120,1646,199,0.856622114216282,0.126651806306862,52024,11251,21.6,15.9,60488,14982,68550,20139,NA,NA,NA,NA,NA,NA,NA,NA,NA,NA
"51003010801","Census Tract 108.01, Albemarle County, Virginia","003","Albemarle","Charlottesville",1284,86,2305,360,0.55704989154013,0.0946640068152566,66495,15888,27.9,7.9,69029,8072,87396,29295,45174,31752,NA,NA,52371,10639,NA,NA,53958,28862
"51003010802","Census Tract 108.02, Albemarle County, Virginia","003","Albemarle","Charlottesville",1291,108,2959,736,0.436296045961473,0.114494495473888,37096,14713,34.9,14.4,63951,24961,80103,17136,NA,NA,NA,NA,NA,NA,NA,NA,NA,NA
"51003010901","Census Tract 109.01, Albemarle County, Virginia","003","Albemarle","Charlottesville",1223,47,2957,542,0.413594859655056,0.0774577355464447,33250,16270,35.7,11.7,43750,13644,45714,16843,NA,NA,NA,NA,25000,13674,NA,NA,NA,NA
"51003010904","Census Tract 109.04, Albemarle County, Virginia","003","Albemarle","Charlottesville",1069,60,2545,667,0.420039292730845,0.112581116782522,33295,12077,37.5,6.6,34688,12809,31020,10853,NA,NA,NA,NA,48250,18916,NA,NA,52656,21013
"51003011000","Census Tract 110, Albemarle County, Virginia","003","Albemarle","Charlottesville",1940,1213,5273,728,0.367912004551489,0.235581011496395,92381,32466,24.3,2.9,150682,32480,146250,32136,NA,NA,NA,NA,214250,213772,NA,NA,NA,NA
"51003011101","Census Tract 111.01, Albemarle County, Virginia","003","Albemarle","Charlottesville",1704,90,2746,506,0.62053896576839,0.118949939985364,52634,23854,36.9,32.1,73214,13833,73884,13361,NA,NA,NA,NA,NA,NA,NA,NA,NA,NA
"51003011102","Census Tract 111.02, Albemarle County, Virginia","003","Albemarle","Charlottesville",1798,345,3121,597,0.576097404677988,0.15608707742253,162832,72996,14,5.6,108065,33929,105880,45059,NA,NA,NA,NA,NA,NA,NA,NA,NA,NA
"51003011103","Census Tract 111.03, Albemarle County, Virginia","003","Albemarle","Charlottesville",1142,500,3479,807,0.328255245760276,0.162643969482489,43125,29191,29.5,12.8,125417,34870,122500,32235,NA,NA,NA,NA,133536,49188,NA,NA,NA,NA
"51003011201","Census Tract 112.01, Albemarle County, Virginia","003","Albemarle","Charlottesville",1112,151,3026,314,0.36748182419035,0.0628028030644053,41484,18308,31.6,15.4,85729,16087,86823,15593,250001,NA,NA,NA,NA,NA,NA,NA,NA,NA
"51003011202","Census Tract 112.02, Albemarle County, Virginia","003","Albemarle","Charlottesville",1287,244,3045,412,0.422660098522167,0.0984451438223118,66307,30230,24.7,4.3,131136,24079,130398,36426,NA,NA,NA,NA,133618,53333,NA,NA,NA,NA
"51003011301","Census Tract 113.01, Albemarle County, Virginia","003","Albemarle","Charlottesville",1267,331,2267,296,0.558888398764887,0.163228223422943,58649,33118,18.3,2.1,80833,23732,73679,25845,106467,20102,NA,NA,68750,49695,NA,NA,NA,NA
"51003011302","Census Tract 113.02, Albemarle County, Virginia","003","Albemarle","Charlottesville",1612,99,1197,340,1.34670008354219,0.391360415594609,62946,25477,22.4,4.9,63200,16879,59479,7230,NA,NA,NA,NA,156154,318,NA,NA,66071,64390
"51003011303","Census Tract 113.03, Albemarle County, Virginia","003","Albemarle","Charlottesville",1500,79,2382,304,0.629722921914358,0.0869419642896142,64956,20746,29.5,4.3,83397,7633,81394,9170,94199,13846,NA,NA,95313,12867,NA,NA,62188,32253
"51003011400","Census Tract 114, Albemarle County, Virginia","003","Albemarle","Charlottesville",957,127,1450,139,0.66,0.108047700744382,43036,15849,26.9,7.9,73345,16040,76912,9595,45441,28489,NA,NA,NA,NA,NA,NA,58929,50705
"51087200106","Census Tract 2001.06, Henrico County, Virginia","087","Henrico County","Richmond",1141,74,1967,233,0.580071174377224,0.0783368671478934,37022,8496,33.9,8.2,51288,5529,59952,12119,37935,20320,NA,NA,NA,NA,NA,NA,28269,20809
"51087200108","Census Tract 2001.08, Henrico County, Virginia","087","Henrico County","Richmond",NA,NA,6569,252,NA,NA,73382,28487,NA,NA,250001,NA,250001,NA,NA,NA,NA,NA,250001,NA,NA,NA,NA,NA
"51087200109","Census Tract 2001.09, Henrico County, Virginia","087","Henrico County","Richmond",NA,NA,4228,386,NA,NA,NA,NA,NA,NA,179904,34523,185893,35680,173750,51852,NA,NA,NA,NA,NA,NA,NA,NA
"51087200122","Census Tract 2001.22, Henrico County, Virginia","087","Henrico County","Richmond",1865,337,2666,144,0.699549887471868,0.131933110936507,86250,54881,41.1,19.3,125469,27627,113977,25419,133125,20749,NA,NA,131920,56849,NA,NA,NA,NA
"51087200123","Census Tract 2001.23, Henrico County, Virginia","087","Henrico County","Richmond",1198,110,1808,241,0.662610619469027,0.107250449434716,68026,20237,22.4,3.6,69912,18209,81036,6584,68640,12078,NA,NA,NA,NA,NA,NA,NA,NA
"51087200124","Census Tract 2001.24, Henrico County, Virginia","087","Henrico County","Richmond",1508,396,2439,177,0.618286182861829,0.168447519388718,33929,24866,48.3,18.2,82067,11032,90179,16771,88611,24943,NA,NA,53456,29738,NA,NA,31305,371
"51087200125","Census Tract 2001.25, Henrico County, Virginia","087","Henrico County","Richmond",1281,49,1849,156,0.692806922660898,0.0641789501514606,63676,8939,25.5,4.7,61591,8338,41379,10016,59179,9610,NA,NA,92522,13915,NA,NA,84063,48679
"51087200126","Census Tract 2001.26, Henrico County, Virginia","087","Henrico County","Richmond",1160,36,1758,431,0.659840728100114,0.16306077850074,57269,6917,26.2,2.7,57567,5845,53222,10423,43462,17898,NA,NA,82798,14702,NA,NA,78606,38374
"51087200127","Census Tract 2001.27, Henrico County, Virginia","087","Henrico County","Richmond",1645,818,2518,135,0.653296266878475,0.326743748804197,58972,12795,25.9,6.7,109958,14201,116593,14276,105081,53922,NA,NA,NA,NA,NA,NA,58563,46967
"51087200131","Census Tract 2001.31, Henrico County, Virginia","087","Henrico County","Richmond",1155,45,2145,555,0.538461538461538,0.140892864477724,48382,16104,31.4,7.3,63000,35968,83417,42314,NA,NA,NA,NA,NA,NA,NA,NA,NA,NA
"51087200132","Census Tract 2001.32, Henrico County, Virginia","087","Henrico County","Richmond",1344,247,1953,291,0.688172043010753,0.162816995031725,56442,32784,27.3,4,71331,6634,73450,12333,NA,NA,NA,NA,NA,NA,NA,NA,68776,13407
"51087200133","Census Tract 2001.33, Henrico County, Virginia","087","Henrico County","Richmond",1411,135,5287,938,0.266881028938907,0.053795298312626,80548,23878,24.4,2.7,90054,16516,89400,18456,NA,NA,NA,NA,250001,NA,NA,NA,NA,NA
"51087200134","Census Tract 2001.34, Henrico County, Virginia","087","Henrico County","Richmond",1161,43,3316,435,0.350120627261761,0.0477250476885124,46496,24272,27.4,5.3,106250,31950,120000,34321,40647,16057,NA,NA,NA,NA,NA,NA,NA,NA
"51087200135","Census Tract 2001.35, Henrico County, Virginia","087","Henrico County","Richmond",1396,69,3122,311,0.447149263292761,0.0497247185978235,74875,64103,19.7,18.3,106676,20072,112378,40059,NA,NA,NA,NA,NA,NA,NA,NA,NA,NA
"51087200136","Census Tract 2001.36, Henrico County, Virginia","087","Henrico County","Richmond",1037,162,2064,271,0.502422480620155,0.102528572931394,26571,4257,33.9,26.2,47822,19162,55313,12462,NA,NA,NA,NA,NA,NA,NA,NA,NA,NA
"51087200137","Census Tract 2001.37, Henrico County, Virginia","087","Henrico County","Richmond",1090,148,2060,565,0.529126213592233,0.161934410335841,53919,16084,29.8,4.4,66466,13830,70673,25378,65101,44368,NA,NA,NA,NA,NA,NA,NA,NA
"51087200138","Census Tract 2001.38, Henrico County, Virginia","087","Henrico County","Richmond",1313,836,1890,342,0.694708994708995,0.459844442965219,40694,36492,33.6,7.5,66007,18218,78977,15558,NA,NA,NA,NA,NA,NA,NA,NA,NA,NA
"51087200139","Census Tract 2001.39, Henrico County, Virginia","087","Henrico County","Richmond",1327,78,2729,462,0.486258702821546,0.0871408160530087,65645,20940,26.1,8.8,77177,15329,82266,28927,40526,16208,NA,NA,NA,NA,NA,NA,NA,NA
"51087200140","Census Tract 2001.40, Henrico County, Virginia","087","Henrico County","Richmond",1511,196,3972,731,0.380412890231621,0.0856530472107794,65326,17383,27.5,7.7,122012,23781,153382,48518,NA,NA,NA,NA,91324,24057,NA,NA,NA,NA
"51087200141","Census Tract 2001.41, Henrico County, Virginia","087","Henrico County","Richmond",1510,124,2751,301,0.548891312250091,0.0750901635506228,82206,30748,21.1,4.2,99318,17826,131324,87485,NA,NA,NA,NA,97992,13602,NA,NA,NA,NA
"51087200142","Census Tract 2001.42, Henrico County, Virginia","087","Henrico County","Richmond",1423,229,2757,256,0.51614073268045,0.0958962062379691,78148,38776,26.4,3.6,113375,10649,125188,17363,NA,NA,NA,NA,55950,35263,NA,NA,NA,NA
"51087200143","Census Tract 2001.43, Henrico County, Virginia","087","Henrico County","Richmond",NA,NA,4014,505,NA,NA,NA,NA,NA,NA,175357,29483,173650,20238,NA,NA,NA,NA,250001,NA,NA,NA,NA,NA
"51087200144","Census Tract 2001.44, Henrico County, Virginia","087","Henrico County","Richmond",1331,101,3704,508,0.359341252699784,0.0563238665150682,78289,18640,23.3,7.2,88186,8829,83603,48742,NA,NA,NA,NA,91063,25714,NA,NA,NA,NA
"51087200145","Census Tract 2001.45, Henrico County, Virginia","087","Henrico County","Richmond",NA,NA,3685,228,NA,NA,NA,NA,NA,NA,191393,30365,190164,14265,NA,NA,NA,NA,224818,99873,NA,NA,NA,NA
"51087200146","Census Tract 2001.46, Henrico County, Virginia","087","Henrico County","Richmond",1898,315,4243,312,0.447325005892057,0.0812005055202584,108169,2826,19.5,7.9,182717,62218,200903,54973,108060,44071,NA,NA,241094,118025,NA,NA,NA,NA
"51087200147","Census Tract 2001.47, Henrico County, Virginia","087","Henrico County","Richmond",1489,164,5271,682,0.282489091254031,0.0479999578030089,74527,26087,27.5,5.4,250001,NA,250001,NA,NA,NA,NA,NA,250001,NA,NA,NA,NA,NA
"51087200148","Census Tract 2001.48, Henrico County, Virginia","087","Henrico County","Richmond",1548,267,3476,312,0.445339470655926,0.0865909029508414,98289,58097,20.7,4.4,163281,27780,135703,76713,NA,NA,NA,NA,179605,69473,NA,NA,NA,NA
"51087200149","Census Tract 2001.49, Henrico County, Virginia","087","Henrico County","Richmond",1689,102,4340,161,0.389170506912442,0.0275823206979051,83977,80541,23.1,31.5,111737,12880,106944,28775,NA,NA,NA,NA,152330,105554,NA,NA,NA,NA
"51087200150","Census Tract 2001.50, Henrico County, Virginia","087","Henrico County","Richmond",NA,NA,3171,298,NA,NA,NA,NA,NA,NA,133784,18982,129500,26747,218098,189572,NA,NA,166250,94241,NA,NA,NA,NA
"51087200151","Census Tract 2001.51, Henrico County, Virginia","087","Henrico County","Richmond",1217,58,2731,259,0.445624313438301,0.0472978704498138,60556,20340,27,5.9,89688,7638,88063,15031,NA,NA,NA,NA,136552,25517,NA,NA,46250,27208
"51087200152","Census Tract 2001.52, Henrico County, Virginia","087","Henrico County","Richmond",1118,537,2261,676,0.494471472799646,0.279758969088023,49805,5395,31.4,5.6,56958,27389,65179,32099,NA,NA,NA,NA,NA,NA,NA,NA,NA,NA
"51087200153","Census Tract 2001.53, Henrico County, Virginia","087","Henrico County","Richmond",895,99,2397,420,0.373383395911556,0.0773699405547642,37168,7288,30.8,10.3,48176,12767,74028,25049,35463,6231,NA,NA,41797,13938,NA,NA,37472,12352
"51087200201","Census Tract 2002.01, Henrico County, Virginia","087","Henrico County","Richmond",1470,184,2603,400,0.564733000384172,0.111927828896323,83170,29357,22.6,3.7,101875,23130,95000,19731,NA,NA,NA,NA,NA,NA,NA,NA,NA,NA
"51087200202","Census Tract 2002.02, Henrico County, Virginia","087","Henrico County","Richmond",1673,142,3167,348,0.528260183138617,0.0733473527852329,58365,12737,29.3,19.6,113417,25094,113417,25094,NA,NA,NA,NA,NA,NA,NA,NA,NA,NA
"51087200301","Census Tract 2003.01, Henrico County, Virginia","087","Henrico County","Richmond",1583,309,2617,642,0.604891096675583,0.189635134259654,76800,34937,26.8,3.4,96741,21386,97500,25750,86029,51970,NA,NA,NA,NA,NA,NA,NA,NA
"51087200302","Census Tract 2003.02, Henrico County, Virginia","087","Henrico County","Richmond",1681,113,2215,204,0.758916478555305,0.0865333461196963,86823,21609,20.2,4,95375,23969,93889,22500,NA,NA,NA,NA,117292,81645,NA,NA,NA,NA
"51087200303","Census Tract 2003.03, Henrico County, Virginia","087","Henrico County","Richmond",1431,134,2109,447,0.678520625889047,0.157222016122058,55481,19529,29,5.2,59336,9855,64961,12397,NA,NA,NA,NA,46700,13671,NA,NA,98594,61449
"51087200305","Census Tract 2003.05, Henrico County, Virginia","087","Henrico County","Richmond",1334,69,1811,67,0.736609607951408,0.0468433930681758,53133,23019,35.5,19,58368,21674,61700,27255,53587,20057,NA,NA,NA,NA,NA,NA,NA,NA
"51087200404","Census Tract 2004.04, Henrico County, Virginia","087","Henrico County","Richmond",1144,54,1531,165,0.7472240365774,0.0879157852329041,61071,2222,22.9,1.6,65786,10293,70417,12659,58929,38408,NA,NA,NA,NA,NA,NA,NA,NA
"51087200407","Census Tract 2004.07, Henrico County, Virginia","087","Henrico County","Richmond",1347,75,1772,225,0.760158013544018,0.105393315712592,52273,4796,30.5,7.6,65208,19533,54075,11472,75750,15102,NA,NA,82188,24923,NA,NA,53518,4107
"51087200409","Census Tract 2004.09, Henrico County, Virginia","087","Henrico County","Richmond",1414,112,1658,171,0.852834740651387,0.1109045686375,47784,15007,36.5,7.3,54940,16759,53750,37619,60208,15685,NA,NA,NA,NA,NA,NA,42813,40566
"51087200411","Census Tract 2004.11, Henrico County, Virginia","087","Henrico County","Richmond",1216,57,1552,213,0.783505154639175,0.113629064495907,44493,3882,29.3,6.2,52600,8128,60864,12615,48065,7396,NA,NA,61023,42516,NA,NA,31699,13985
"51087200412","Census Tract 2004.12, Henrico County, Virginia","087","Henrico County","Richmond",1083,31,NA,NA,NA,NA,40110,6845,34.5,4.1,40000,6872,32656,8022,36750,7746,NA,NA,NA,NA,NA,NA,41887,6577
"51087200413","Census Tract 2004.13, Henrico County, Virginia","087","Henrico County","Richmond",1827,129,2856,248,0.639705882352941,0.0715947712117879,NA,NA,35.8,26.6,100592,13624,94750,20370,113250,81408,NA,NA,116705,105820,NA,NA,NA,NA
"51087200414","Census Tract 2004.14, Henrico County, Virginia","087","Henrico County","Richmond",1727,42,2233,213,0.773399014778325,0.0761324615996292,62014,33376,28.1,9.3,97537,12422,107108,20447,79412,28565,NA,NA,NA,NA,NA,NA,42337,16147
"51087200415","Census Tract 2004.15, Henrico County, Virginia","087","Henrico County","Richmond",1728,206,3767,424,0.458720467215291,0.0752087226272012,60944,21370,36.4,10.8,128324,17131,128032,39972,123229,15150,NA,NA,177875,80635,NA,NA,NA,NA
"51087200416","Census Tract 2004.16, Henrico County, Virginia","087","Henrico County","Richmond",1387,358,2226,236,0.623090745732255,0.17386520251077,75864,22713,22.4,5.4,88008,14583,91534,37240,75727,12979,NA,NA,NA,NA,NA,NA,NA,NA
"51087200417","Census Tract 2004.17, Henrico County, Virginia","087","Henrico County","Richmond",1028,135,2088,1349,0.492337164750958,0.324590159218302,39088,8126,28.2,13.6,39498,9884,38851,13434,44018,25360,NA,NA,NA,NA,NA,NA,NA,NA
"51087200418","Census Tract 2004.18, Henrico County, Virginia","087","Henrico County","Richmond",1235,114,1390,485,0.888489208633094,0.320677503947947,43798,16666,35.4,15.6,57273,21062,NA,NA,43782,25738,NA,NA,NA,NA,NA,NA,58477,53765
"51087200501","Census Tract 2005.01, Henrico County, Virginia","087","Henrico County","Richmond",1336,77,1291,95,1.03485670023238,0.0967284692679648,54104,6421,30.8,4.4,53667,5694,45978,9913,53585,5342,NA,NA,69250,40656,NA,NA,66845,25396
"51087200502","Census Tract 2005.02, Henrico County, Virginia","087","Henrico County","Richmond",1322,63,1602,120,0.82521847690387,0.07326327253659,69167,40909,24,12.6,72989,12686,74620,15289,95076,51853,NA,NA,NA,NA,NA,NA,61364,60124
"51087200503","Census Tract 2005.03, Henrico County, Virginia","087","Henrico County","Richmond",1218,158,1402,173,0.868758915834522,0.155539057253214,45972,15727,30.1,12.7,70375,17577,67826,21393,91100,47345,NA,NA,141360,11962,NA,NA,NA,NA
"51087200600","Census Tract 2006, Henrico County, Virginia","087","Henrico County","Richmond",908,152,1597,120,0.568566061365059,0.104327159722977,30794,11593,41.8,16.9,47594,10545,48969,7499,37500,9196,NA,NA,33208,21570,NA,NA,40037,27519
"51087200700","Census Tract 2007, Henrico County, Virginia","087","Henrico County","Richmond",1172,123,1368,141,0.85672514619883,0.126022238803028,41250,21333,40.9,13.2,56222,11872,71719,18889,29601,14412,NA,NA,NA,NA,NA,NA,NA,NA
"51087200801","Census Tract 2008.01, Henrico County, Virginia","087","Henrico County","Richmond",1124,59,1423,147,0.789880534082923,0.0915266760093782,46512,4244,31.9,2.9,60625,11940,69440,12699,46484,3682,NA,NA,100703,53931,NA,NA,NA,NA
"51087200802","Census Tract 2008.02, Henrico County, Virginia","087","Henrico County","Richmond",1201,117,1671,143,0.718731298623579,0.0931968492780413,44757,19368,28.1,14.6,49353,13930,49906,21115,47569,25028,NA,NA,61458,30030,NA,NA,34097,10636
"51087200805","Census Tract 2008.05, Henrico County, Virginia","087","Henrico County","Richmond",852,159,1177,366,0.723874256584537,0.262521043815689,17656,13800,31.9,11.3,34337,7935,49355,27494,27895,12102,NA,NA,NA,NA,NA,NA,NA,NA
"51087200806","Census Tract 2008.06, Henrico County, Virginia","087","Henrico County","Richmond",969,26,1252,112,0.773961661341853,0.072283528220192,53150,52707,29.9,20.2,82897,34486,36310,32107,77609,53590,NA,NA,NA,NA,NA,NA,NA,NA
"51087200807","Census Tract 2008.07, Henrico County, Virginia","087","Henrico County","Richmond",1028,85,1577,315,0.651870640456563,0.14092379792082,29472,7407,37,7.9,34368,5795,18702,3934,34236,5369,NA,NA,NA,NA,NA,NA,NA,NA
"51087200904","Census Tract 2009.04, Henrico County, Virginia","087","Henrico County","Richmond",1200,233,1923,162,0.62402496099844,0.132077709414443,35262,13707,38.7,9.1,72647,15755,40443,33629,88265,14040,NA,NA,103480,66597,NA,NA,NA,NA
"51087200905","Census Tract 2009.05, Henrico County, Virginia","087","Henrico County","Richmond",1137,279,1679,177,0.677188802858845,0.180856283997269,49000,24523,26.5,6.6,66780,7647,61049,14223,70109,6600,NA,NA,NA,NA,NA,NA,NA,NA
"51087200906","Census Tract 2009.06, Henrico County, Virginia","087","Henrico County","Richmond",1281,185,1787,122,0.716843872411863,0.114510259300835,75890,6104,21.2,3.9,81750,7853,77946,6920,84647,7918,NA,NA,250001,NA,NA,NA,63889,27758
"51087200907","Census Tract 2009.07, Henrico County, Virginia","087","Henrico County","Richmond",1150,165,2344,183,0.49061433447099,0.0801388102796394,52674,44130,24.3,10.6,79886,16253,93819,22586,NA,NA,NA,NA,62969,43349,NA,NA,NA,NA
"51087200908","Census Tract 2009.08, Henrico County, Virginia","087","Henrico County","Richmond",1212,154,1500,264,0.808,0.175395438106139,68391,10380,28.1,5.2,69742,6759,69591,7914,72665,7936,NA,NA,NA,NA,NA,NA,NA,NA
"51087201001","Census Tract 2010.01, Henrico County, Virginia","087","Henrico County","Richmond",1120,106,1557,149,0.719332048811818,0.0968167442378745,57700,18204,24.4,4.8,66857,15137,51589,8365,71886,21558,NA,NA,NA,NA,NA,NA,NA,NA
"51087201002","Census Tract 2010.02, Henrico County, Virginia","087","Henrico County","Richmond",1120,100,1124,230,0.99644128113879,0.222462909540187,34410,7685,42.6,7.8,45880,3920,27500,20492,47194,2413,NA,NA,NA,NA,NA,NA,NA,NA
"51087201003","Census Tract 2010.03, Henrico County, Virginia","087","Henrico County","Richmond",1034,89,1100,153,0.94,0.153755178371439,29107,6710,39.3,7.9,55526,17815,NA,NA,59875,19184,NA,NA,NA,NA,NA,NA,NA,NA
"51087201102","Census Tract 2011.02, Henrico County, Virginia","087","Henrico County","Richmond",1152,45,1082,96,1.06469500924214,0.103214648555332,60875,17549,23.5,3.5,56495,10302,43698,8856,64572,8748,NA,NA,NA,NA,NA,NA,NA,NA
"51087201103","Census Tract 2011.03, Henrico County, Virginia","087","Henrico County","Richmond",966,67,1465,908,0.65938566552901,0.411235043020393,31696,8422,38.8,4.6,39144,9362,34412,12933,45789,15733,NA,NA,NA,NA,NA,NA,29524,24258
"51087201104","Census Tract 2011.04, Henrico County, Virginia","087","Henrico County","Richmond",799,116,1340,170,0.596268656716418,0.114961710158263,22343,19406,41.2,5.9,44034,14140,NA,NA,47065,32134,NA,NA,NA,NA,NA,NA,NA,NA
"51087201203","Census Tract 2012.03, Henrico County, Virginia","087","Henrico County","Richmond",1399,364,1140,183,1.22719298245614,0.375178752527084,NA,NA,25.9,13.3,60020,22814,NA,NA,61721,16682,NA,NA,NA,NA,NA,NA,NA,NA
"51087201204","Census Tract 2012.04, Henrico County, Virginia","087","Henrico County","Richmond",1039,141,1154,155,0.900346620450607,0.17190994645724,39472,31194,25.2,15.8,38459,22834,27065,21066,63250,26747,NA,NA,NA,NA,NA,NA,NA,NA
"51087201205","Census Tract 2012.05, Henrico County, Virginia","087","Henrico County","Richmond",1216,219,924,116,1.31601731601732,0.288913342220573,34030,11388,34.3,8.7,45426,12831,57705,17984,34597,20292,NA,NA,NA,NA,NA,NA,NA,NA
"51087201206","Census Tract 2012.06, Henrico County, Virginia","087","Henrico County","Richmond",1000,258,1097,151,0.911577028258888,0.26656577310112,25000,20991,29.5,20.3,53169,9518,NA,NA,53169,9177,NA,NA,NA,NA,NA,NA,NA,NA
"51087201403","Census Tract 2014.03, Henrico County, Virginia","087","Henrico County","Richmond",1064,103,1635,185,0.650764525993884,0.0969049373924676,33141,11756,35.3,11,51208,10986,49282,14996,54925,21295,NA,NA,NA,NA,NA,NA,NA,NA
"51087201404","Census Tract 2014.04, Henrico County, Virginia","087","Henrico County","Richmond",1093,129,1806,126,0.605204872646733,0.0829751339603705,66591,39798,19.2,6.9,79860,6513,83641,2603,46047,18413,NA,NA,NA,NA,NA,NA,NA,NA
"51087201405","Census Tract 2014.05, Henrico County, Virginia","087","Henrico County","Richmond",NA,NA,1359,431,NA,NA,NA,NA,NA,NA,39570,9460,NA,NA,39539,9174,NA,NA,NA,NA,NA,NA,NA,NA
"51087201406","Census Tract 2014.06, Henrico County, Virginia","087","Henrico County","Richmond",1031,57,1173,100,0.878942881500426,0.0893084387256913,39955,10445,32.5,7.7,41972,9692,51308,6625,35850,10958,NA,NA,NA,NA,NA,NA,NA,NA
"51087201502","Census Tract 2015.02, Henrico County, Virginia","087","Henrico County","Richmond",1662,462,1822,113,0.91218441273326,0.259801919291095,52448,28824,24.8,21.6,114087,17129,105750,16046,116021,14808,NA,NA,NA,NA,NA,NA,94556,6363
"51087201503","Census Tract 2015.03, Henrico County, Virginia","087","Henrico County","Richmond",1155,96,1328,93,0.869728915662651,0.0945273066648903,50756,22014,25.9,4.5,72083,18716,118333,51217,65833,22395,NA,NA,NA,NA,NA,NA,NA,NA
"51087201504","Census Tract 2015.04, Henrico County, Virginia","087","Henrico County","Richmond",785,92,1256,232,0.625,0.13672262352664,12486,7035,51,NA,33490,25111,34063,18422,NA,NA,NA,NA,NA,NA,NA,NA,51250,37636
"51087201601","Census Tract 2016.01, Henrico County, Virginia","087","Henrico County","Richmond",1133,398,1951,219,0.580727831881087,0.214159937791864,71875,64302,16.6,10.7,99375,19261,97688,21716,100343,64396,NA,NA,NA,NA,NA,NA,NA,NA
"51087201602","Census Tract 2016.02, Henrico County, Virginia","087","Henrico County","Richmond",1201,712,1955,228,0.614322250639386,0.371174501898285,48081,7810,45.9,23.6,95833,16856,87375,22386,99773,28270,NA,NA,NA,NA,NA,NA,NA,NA
"51087201701","Census Tract 2017.01, Henrico County, Virginia","087","Henrico County","Richmond",1069,92,1309,97,0.816653934300993,0.0927460899463919,45772,14429,30.6,7,52669,7793,57679,18446,43409,21961,NA,NA,NA,NA,NA,NA,NA,NA
"51087980100","Census Tract 9801, Henrico County, Virginia","087","Henrico County","Richmond",NA,NA,NA,NA,NA,NA,NA,NA,NA,NA,NA,NA,NA,NA,NA,NA,NA,NA,NA,NA,NA,NA,NA,NA
