"GEOID","NAME","FipCodes","County","MedRentE","MedRentM","MedTaxE","MedTaxM","RentTaxRatE","RentTaxRatMOE","MedRenterHHIncomeE","MedRenterHHIncomeM","MedRentBurdenPercE","MedRentBurdenPercM"
"51540000201","Census Tract 2.01, Charlottesville city, Virginia","540","Charlottesville",1444,111,1946,655,0.742034943473792,0.256190573775853,45640,11010,36.7,9
"51540000202","Census Tract 2.02, Charlottesville city, Virginia","540","Charlottesville",1228,187,1826,129,0.672508214676889,0.112893532870778,23478,5620,48.6,10.9
"51540000302","Census Tract 3.02, Charlottesville city, Virginia","540","Charlottesville",1201,140,3228,368,0.372057001239157,0.0606635709546904,49860,13402,29,6.3
"51540000401","Census Tract 4.01, Charlottesville city, Virginia","540","Charlottesville",679,115,2526,305,0.268804433887569,0.0559114906757269,22377,17526,32.5,7
"51540000402","Census Tract 4.02, Charlottesville city, Virginia","540","Charlottesville",965,110,2364,398,0.408206429780034,0.0829958001014261,37500,15590,31.3,5.7
"51540000501","Census Tract 5.01, Charlottesville city, Virginia","540","Charlottesville",1160,100,1858,219,0.624327233584499,0.0911702769631416,30821,9421,38.8,13
"51540000502","Census Tract 5.02, Charlottesville city, Virginia","540","Charlottesville",1285,121,2812,402,0.45697012802276,0.0782259640913393,70677,34771,21.4,4.6
"51540000600","Census Tract 6, Charlottesville city, Virginia","540","Charlottesville",1161,54,1985,619,0.584886649874055,0.184407964783831,21963,2422,47.8,16.1
"51540000700","Census Tract 7, Charlottesville city, Virginia","540","Charlottesville",994,133,4673,532,0.212711320350952,0.0373694445473563,28144,7810,39.9,13.2
"51540000800","Census Tract 8, Charlottesville city, Virginia","540","Charlottesville",911,151,3184,211,0.286118090452261,0.0510744906702325,42708,25353,25.5,41.8
"51540000900","Census Tract 9, Charlottesville city, Virginia","540","Charlottesville",1294,212,2717,169,0.476260581523739,0.083461505254361,59659,25763,25.9,2.7
"51540001000","Census Tract 10, Charlottesville city, Virginia","540","Charlottesville",1377,203,5242,1752,0.262685997710797,0.0959572305779285,81397,60341,20.8,7.5
"51109950101","Census Tract 9501.01, Louisa County, Virginia","109","Louisa",1709,539,2650,831,0.644905660377359,0.286824130872181,46964,34062,24.7,16.9
"51109950102","Census Tract 9501.02, Louisa County, Virginia","109","Louisa",740,479,1676,164,0.441527446300716,0.289046680598843,22143,21618,43,8.5
"51109950201","Census Tract 9502.01, Louisa County, Virginia","109","Louisa",875,67,1359,100,0.643855776306107,0.0683752938459784,34338,12498,31.4,4.9
"51109950202","Census Tract 9502.02, Louisa County, Virginia","109","Louisa",1171,112,1432,200,0.817737430167598,0.138422865361886,58250,46250,23.9,8.9
"51109950301","Census Tract 9503.01, Louisa County, Virginia","109","Louisa",1592,664,2169,272,0.733978792070078,0.319669689186774,125598,106059,25.5,11.1
"51109950302","Census Tract 9503.02, Louisa County, Virginia","109","Louisa",768,180,1302,133,0.589861751152074,0.150809058825083,NA,NA,29.2,55.9
"51109950303","Census Tract 9503.03, Louisa County, Virginia","109","Louisa",1083,336,1224,122,0.884803921568627,0.28832850597633,72813,14828,16.7,8.8
"51109950400","Census Tract 9504, Louisa County, Virginia","109","Louisa",698,392,1389,129,0.502519798416127,0.286050329513602,32250,9872,26.6,3.9
"51109950500","Census Tract 9505, Louisa County, Virginia","109","Louisa",704,502,1519,136,0.463462804476629,0.333075442396295,NA,NA,44.6,7.3
"51125950101","Census Tract 9501.01, Nelson County, Virginia","125","Nelson",737,53,840,139,0.877380952380952,0.158303140341516,80301,58832,13.7,10.8
"51125950102","Census Tract 9501.02, Nelson County, Virginia","125","Nelson",1306,986,1357,263,0.962417096536478,0.750162352119168,15841,1627,51,NA
"51125950201","Census Tract 9502.01, Nelson County, Virginia","125","Nelson",NA,NA,1387,263,NA,NA,44754,17822,NA,NA
"51125950202","Census Tract 9502.02, Nelson County, Virginia","125","Nelson",1100,229,2792,469,0.393982808022923,0.105390902326986,65069,31964,19.9,27.6
"51125950300","Census Tract 9503, Nelson County, Virginia","125","Nelson",661,339,1218,286,0.542692939244663,0.30611006399058,29475,11489,27.8,7.7
"51065020101","Census Tract 201.01, Fluvanna County, Virginia","065","Fluvanna",1497,168,1786,349,0.838185890257559,0.188878268261762,72679,25225,18.3,20.6
"51065020103","Census Tract 201.03, Fluvanna County, Virginia","065","Fluvanna",1419,69,2044,319,0.694227005870842,0.113482720463048,NA,NA,51,NA
"51065020104","Census Tract 201.04, Fluvanna County, Virginia","065","Fluvanna",1737,206,1769,121,0.981910684002261,0.134430103676841,52171,51311,28.4,6.4
"51065020200","Census Tract 202, Fluvanna County, Virginia","065","Fluvanna",638,289,1548,301,0.412144702842377,0.203165919883788,46991,8068,18.8,10.4
"51065020300","Census Tract 203, Fluvanna County, Virginia","065","Fluvanna",1037,133,1847,349,0.561451001624256,0.128219052123535,44848,9218,21.3,4.8
"51003010100","Census Tract 101, Albemarle County, Virginia","003","Albemarle",1666,391,3555,833,0.468635724331927,0.155419049037204,64915,49744,16.7,4.4
"51003010201","Census Tract 102.01, Albemarle County, Virginia","003","Albemarle",1215,208,2495,171,0.486973947895792,0.0897995225136812,92222,26959,17.8,6.5
"51003010202","Census Tract 102.02, Albemarle County, Virginia","003","Albemarle",1182,341,4087,789,0.289209689258625,0.100392667016927,NA,NA,27.5,40.6
"51003010301","Census Tract 103.01, Albemarle County, Virginia","003","Albemarle",1641,1057,2071,547,0.792370835345244,0.551623931208424,NA,NA,18.1,8.2
"51003010302","Census Tract 103.02, Albemarle County, Virginia","003","Albemarle",2135,183,3300,380,0.646969696969697,0.0928729680821845,66538,53913,32.8,5.6
"51003010303","Census Tract 103.03, Albemarle County, Virginia","003","Albemarle",1432,179,2642,240,0.542013626040878,0.0837528657628085,55964,8738,28.8,8.5
"51003010401","Census Tract 104.01, Albemarle County, Virginia","003","Albemarle",1125,149,3251,871,0.346047370039988,0.103422063028009,48469,12549,24.6,4.6
"51003010402","Census Tract 104.02, Albemarle County, Virginia","003","Albemarle",1109,335,4300,286,0.257906976744186,0.079773117787013,58958,31820,24.5,36.9
"51003010501","Census Tract 105.01, Albemarle County, Virginia","003","Albemarle",1661,486,3412,434,0.486811254396249,0.15531575015938,39799,6863,51,NA
"51003010502","Census Tract 105.02, Albemarle County, Virginia","003","Albemarle",1323,351,1775,260,0.745352112676056,0.225883995260234,64674,11813,30.4,10.5
"51003010602","Census Tract 106.02, Albemarle County, Virginia","003","Albemarle",1550,133,2288,609,0.677447552447552,0.189455234137821,87125,9737,23.2,3.2
"51003010603","Census Tract 106.03, Albemarle County, Virginia","003","Albemarle",1382,49,1757,79,0.786568013659647,0.0450394498226592,55228,20378,34.8,3.7
"51079030101","Census Tract 301.01, Greene County, Virginia","079","Greene",965,257,1567,192,0.615826419910657,0.180532642786234,40951,6649,27.3,4.1
"51079030102","Census Tract 301.02, Greene County, Virginia","079","Greene",984,485,1577,198,0.623969562460368,0.317367386830011,31071,6753,28.4,5.8
"51079030201","Census Tract 302.01, Greene County, Virginia","079","Greene",1337,93,1696,184,0.788325471698113,0.101594992272915,61621,4831,26.7,5
"51079030202","Census Tract 302.02, Greene County, Virginia","079","Greene",963,275,1849,222,0.520822065981612,0.16134012321273,61528,9628,17.8,1.2
"51003010604","Census Tract 106.04, Albemarle County, Virginia","003","Albemarle",1436,232,2657,254,0.540459164471208,0.101457149560659,48267,24981,45.3,7.6
"51003010701","Census Tract 107.01, Albemarle County, Virginia","003","Albemarle",1166,55,1433,261,0.813677599441731,0.153088824520184,42766,12689,33.6,10.8
"51003010702","Census Tract 107.02, Albemarle County, Virginia","003","Albemarle",1410,120,1646,199,0.856622114216282,0.126651806306862,52024,11251,21.6,15.9
"51003010801","Census Tract 108.01, Albemarle County, Virginia","003","Albemarle",1284,86,2305,360,0.55704989154013,0.0946640068152566,66495,15888,27.9,7.9
"51003010802","Census Tract 108.02, Albemarle County, Virginia","003","Albemarle",1291,108,2959,736,0.436296045961473,0.114494495473888,37096,14713,34.9,14.4
"51003010901","Census Tract 109.01, Albemarle County, Virginia","003","Albemarle",1223,47,2957,542,0.413594859655056,0.0774577355464447,33250,16270,35.7,11.7
"51003010904","Census Tract 109.04, Albemarle County, Virginia","003","Albemarle",1069,60,2545,667,0.420039292730845,0.112581116782522,33295,12077,37.5,6.6
"51003011000","Census Tract 110, Albemarle County, Virginia","003","Albemarle",1940,1213,5273,728,0.367912004551489,0.235581011496395,92381,32466,24.3,2.9
"51003011101","Census Tract 111.01, Albemarle County, Virginia","003","Albemarle",1704,90,2746,506,0.62053896576839,0.118949939985364,52634,23854,36.9,32.1
"51003011102","Census Tract 111.02, Albemarle County, Virginia","003","Albemarle",1798,345,3121,597,0.576097404677988,0.15608707742253,162832,72996,14,5.6
"51003011103","Census Tract 111.03, Albemarle County, Virginia","003","Albemarle",1142,500,3479,807,0.328255245760276,0.162643969482489,43125,29191,29.5,12.8
"51003011201","Census Tract 112.01, Albemarle County, Virginia","003","Albemarle",1112,151,3026,314,0.36748182419035,0.0628028030644053,41484,18308,31.6,15.4
"51003011202","Census Tract 112.02, Albemarle County, Virginia","003","Albemarle",1287,244,3045,412,0.422660098522167,0.0984451438223118,66307,30230,24.7,4.3
"51003011301","Census Tract 113.01, Albemarle County, Virginia","003","Albemarle",1267,331,2267,296,0.558888398764887,0.163228223422943,58649,33118,18.3,2.1
"51003011302","Census Tract 113.02, Albemarle County, Virginia","003","Albemarle",1612,99,1197,340,1.34670008354219,0.391360415594609,62946,25477,22.4,4.9
"51003011303","Census Tract 113.03, Albemarle County, Virginia","003","Albemarle",1500,79,2382,304,0.629722921914358,0.0869419642896142,64956,20746,29.5,4.3
"51003011400","Census Tract 114, Albemarle County, Virginia","003","Albemarle",957,127,1450,139,0.66,0.108047700744382,43036,15849,26.9,7.9
