county_tract,dissim_wb_block,iso_b_block,region
003010100,0.6743087980693563,0.14481088147009724,cvl
003010201,0.56497744820514,0.18722636539685653,cvl
003010202,0.4845217391304348,0.029027466127751644,cvl
003010301,0.21035636476812944,0.12457647386351206,cvl
003010302,0.3152557319223986,0.02765022315803566,cvl
003010303,0.2879624219686952,0.08555895968882699,cvl
003010401,0.6016698672455539,0.2780256415950734,cvl
003010402,0.5036936784526025,0.11342014716266813,cvl
003010501,0.35591175686483606,0.13532459465357638,cvl
003010502,0.46041116808687127,0.2812561526401692,cvl
003010602,0.4522291078557469,0.2098632096326705,cvl
003010603,0.3653329481438683,0.1914743344429423,cvl
003010604,0.6278052466561304,0.33352249607696094,cvl
003010701,0.23612249967779955,0.33067062857706864,cvl
003010702,0.11110097613257264,0.22295880375655064,cvl
003010801,0.4056985294117647,0.2534636699540427,cvl
003010802,0.44833964446675467,0.24770928965493408,cvl
003010901,0.48920282542885973,0.10662899329267267,cvl
003010904,0.16669437418255378,0.13743997450982737,cvl
003011000,0.587351364657065,0.09386195449124599,cvl
003011101,0.4261088297043561,0.09877779259120845,cvl
003011102,0.4749172189902067,0.06148421513523694,cvl
003011103,0.6823146679491507,0.11458156801945096,cvl
003011201,0.6782654189370607,0.19361384632441878,cvl
003011202,0.4829200374486881,0.1505205517078823,cvl
003011301,0.514221158958001,0.17154158561876331,cvl
003011302,0.2392832975374386,0.20807121059479802,cvl
003011303,0.32703318967853856,0.15494711663348523,cvl
003011400,0.6749851542497786,0.4385421526975696,cvl
065020101,0.4087802126859583,0.28658581074579326,cvl
065020103,0.41439320264114243,0.10895720167042101,cvl
065020104,0.40577391251090933,0.14791726040228173,cvl
065020200,0.4227912728748882,0.3891387568632185,cvl
065020300,0.6508413974085616,0.40095412864052793,cvl
079030101,0.5318082446366766,0.26128499832685015,cvl
079030102,0.6812177502579979,0.16376287024678968,cvl
079030201,0.31563095333923635,0.13733610136286376,cvl
079030202,0.3653389355742297,0.13011871093561822,cvl
109950101,0.5725289464859854,0.1619326688798777,cvl
109950102,0.5149864882678619,0.33253849903459404,cvl
109950201,0.3528498838893615,0.29465778223918304,cvl
109950202,0.4775481305321742,0.24845717004425463,cvl
109950301,0.3179934698055847,0.23512658353389526,cvl
109950302,0.371102492040611,0.22562633666917714,cvl
109950303,0.3941914858847081,0.20086175339905804,cvl
109950400,0.4105079193107362,0.434286033246662,cvl
109950500,0.4890505986320247,0.24648321687761168,cvl
125950101,0.6644876634141447,0.39820857221364997,cvl
125950102,0.5352120486203531,0.38530648271773826,cvl
125950201,0.6444123784666512,0.2895568537037683,cvl
125950202,0.6836020192151115,0.19996699943212898,cvl
125950300,0.6393179669684765,0.3744542770575368,cvl
540000201,0.616170647870165,0.4875329761718746,cvl
540000202,0.5520423688187595,0.3673897921499091,cvl
540000302,0.4869398484356933,0.23770957773795698,cvl
540000401,0.4440512523417327,0.46885098195121877,cvl
540000402,0.4425732639145919,0.2644819029410643,cvl
540000501,0.49275179343744335,0.5253715940324585,cvl
540000502,0.2759864258184962,0.16915526461133015,cvl
540000600,0.2902714418782393,0.10929118680111553,cvl
540000700,0.4208000897177096,0.09246422842478644,cvl
540000800,0.6250762731123187,0.23005862652116188,cvl
540000900,0.38057665604835417,0.15680937538681602,cvl
540001000,0.6207381370826011,0.26631354238264277,cvl
041100106,0.5391199261912702,0.3634565016820948,rva
041100107,0.2647742005185826,0.3548788093386745,rva
041100206,0.4015231297513805,0.4600218773657979,rva
041100208,0.25840278798312094,0.21194865182919828,rva
041100209,0.3134070308243656,0.3477465306834575,rva
041100210,0.161598351587565,0.3834193196292772,rva
041100211,0.25649146143463547,0.6083199574181968,rva
041100212,0.35905797101449277,0.5521028558057753,rva
041100300,0.34352400883618184,0.332525725237561,rva
041100403,0.35895546230867564,0.3210040728426508,rva
041100404,0.25309065303248324,0.2634707953361617,rva
041100405,0.46443154953793253,0.3540391128982152,rva
041100406,0.5029590948651,0.6748245299819445,rva
041100407,0.4512135740504907,0.4007398994878969,rva
041100409,0.32439790954033876,0.2549532347966389,rva
041100410,0.3941252623414545,0.502071819860734,rva
041100505,0.3932555115544738,0.35833712124574446,rva
041100506,0.3816616585280623,0.4584838889248564,rva
041100507,0.33101737322208735,0.41817956995509964,rva
041100508,0.5369873700304959,0.5600233700774423,rva
041100509,0.2551001258273152,0.35602870528072866,rva
041100510,0.5706244754274382,0.4321494108330918,rva
041100600,0.6566175837423577,0.8289091535177203,rva
041100701,0.4125692830323619,0.6231482317286626,rva
041100702,0.506160325346181,0.5808299877255263,rva
041100704,0.3436105153241024,0.29418687746850364,rva
041100705,0.39507938415130317,0.2543509782452728,rva
041100804,0.33960157730322116,0.46183275012203867,rva
041100805,0.3591860840883005,0.5091082882942254,rva
041100806,0.27444203727926747,0.41753601516669375,rva
041100807,0.399322925011423,0.4918613552995755,rva
041100812,0.31710472430626085,0.3028257303589961,rva
041100814,0.5188289459284589,0.4761863555299453,rva
041100815,0.3018558809855881,0.3612940975319456,rva
041100816,0.27935670953827063,0.2543192628321422,rva
041100817,0.2175903811410241,0.3424689751374701,rva
041100818,0.36891269926257386,0.487631908667447,rva
041100819,0.40488769635040095,0.6265391800914124,rva
041100820,0.22779902847702957,0.5297229995273854,rva
041100821,0.32201243262944207,0.1776921821082755,rva
041100822,0.3370801751392251,0.3182041144962013,rva
041100823,0.35762956861222756,0.41259889842808845,rva
041100902,0.5518659254756892,0.12603484105709692,rva
041100907,0.3148421658697774,0.31170083920488234,rva
041100910,0.31654006317733024,0.295957122040578,rva
041100912,0.247249727903065,0.11022336908325357,rva
041100915,0.2535138265320713,0.1791356483392298,rva
041100919,0.2590724772780238,0.2750359265060468,rva
041100920,0.27616851233872514,0.36873374715904894,rva
041100921,0.3009053259674635,0.179535209417992,rva
041100922,0.33712427109846227,0.3325381688120917,rva
041100923,0.20493032462687963,0.2914291370397277,rva
041100924,0.4060753349787222,0.12344177620327793,rva
041100926,0.3069129605626091,0.07935304675074659,rva
041100928,0.3477156947976503,0.20295684028130265,rva
041100929,0.3157521866082247,0.11591632721727595,rva
041100930,0.17120125280238374,0.07509631340279267,rva
041100931,0.337482433611165,0.09927962366820386,rva
041100932,0.19051092793574773,0.12939824620528848,rva
041100933,0.09978486833779732,0.25560306121911996,rva
041100934,0.2977267718752678,0.30796618459350733,rva
041100935,0.368768688169157,0.03163882144295391,rva
041100936,0.36795015522594,0.07261290356235145,rva
041100937,0.20585637883559146,0.13352718615929168,rva
041100938,0.37276554890909946,0.1248201578607748,rva
041101003,0.2786020857718857,0.12174355089048566,rva
041101004,0.3684878887846413,0.147438434047939,rva
041101007,0.17382212520368767,0.08131478496294389,rva
041101008,0.34321669736034377,0.1569980416772555,rva
041101009,0.19164341361682014,0.15932475769624718,rva
041101011,0.16204023870261555,0.1694513882165476,rva
041101012,0.29909211148385345,0.24555215653150442,rva
041101013,0.3445251337931348,0.19223928916884034,rva
041101014,0.4106834106834107,0.21852873748882184,rva
041101015,0.2740942510788343,0.19895830997210337,rva
087200106,0.38143216553423814,0.182135134105229,rva
087200108,0.8573579224689499,0.05720285432067976,rva
087200109,0.5255038344925985,0.042266985144732,rva
087200122,0.3972113920931486,0.08606708697232444,rva
087200123,0.48954178514857155,0.3901876315947482,rva
087200124,0.36373366797076845,0.13527602871556432,rva
087200125,0.27778000032004607,0.3430976835068091,rva
087200126,0.10819025209260145,0.23658548877306243,rva
087200127,0.48008076509206976,0.14519823039390115,rva
087200131,0.5866098757237157,0.2079463202665998,rva
087200132,0.4524586529613967,0.19305817085246377,rva
087200133,0.47090828668752877,0.31815869443370265,rva
087200134,0.6724876235285225,0.2517036182245416,rva
087200135,0.5168339168942275,0.20989413088305198,rva
087200136,0.5953882240566821,0.23277177275007302,rva
087200137,0.35475502781343604,0.19479252199935457,rva
087200138,0.5387542903290935,0.20300023608385578,rva
087200139,0.4661669485373078,0.15102050903524625,rva
087200140,0.572031639311845,0.16353027118082172,rva
087200141,0.34694444444444444,0.07589078001542715,rva
087200142,0.4048066595059076,0.07011806704778022,rva
087200143,0.3198036615721032,0.06774372418842163,rva
087200144,0.28852857656434927,0.13938439480109296,rva
087200145,0.2967547579274996,0.03976851990885964,rva
087200146,0.47651653572081126,0.16195882590953317,rva
087200147,0.5679227393998192,0.21351234373491032,rva
087200148,0.39012336694455896,0.12886033208151149,rva
087200149,0.32014353246626004,0.09430534126865373,rva
087200150,0.2677996155115425,0.10583390230058558,rva
087200151,0.39454828660436136,0.21310771319477684,rva
087200152,0.37823086992212634,0.17128535236674097,rva
087200153,0.5151322605000702,0.296980186414874,rva
087200201,0.4722302271357837,0.0983410641982681,rva
087200202,0.9111395646606915,0.0833940112671693,rva
087200301,0.5879535796011769,0.19278458985419372,rva
087200302,0.6165002017756255,0.1380429584919006,rva
087200303,0.3376040431771386,0.15112443750700091,rva
087200305,0.35076586188789705,0.1566332422087472,rva
087200404,0.4211161042257015,0.35742471897267614,rva
087200407,0.4543063773833005,0.30374360289507785,rva
087200409,0.4195414824620368,0.47071276383806654,rva
087200411,0.20251067837083375,0.35156482678210055,rva
087200412,0.18345999487661174,0.38306471319972796,rva
087200413,0.2386266094420601,0.13214274804549045,rva
087200414,0.35187458687046486,0.18720252657657838,rva
087200415,0.31221815437644684,0.23666094518492953,rva
087200416,0.41942282783932316,0.2850729887577071,rva
087200417,0.18166611215851539,0.36843709954468173,rva
087200418,0.2463580683156655,0.39766105406865665,rva
087200501,0.34183329220919595,0.1912991886051734,rva
087200502,0.45034360945779467,0.16211945966380212,rva
087200503,0.39218196066323835,0.30448859346861096,rva
087200600,0.5211777478550833,0.2647149734749403,rva
087200700,0.789072932199519,0.7034439362135376,rva
087200801,0.5197248921516688,0.47953826459082344,rva
087200802,0.2764083366466681,0.38978382600851297,rva
087200805,0.5140407288317256,0.8976907960644267,rva
087200806,0.3119149707107917,0.7740607283685709,rva
087200807,0.31817163009001503,0.765812091171058,rva
087200904,0.43826742710006555,0.6197736976663377,rva
087200905,0.3981028484888265,0.5280893157753965,rva
087200906,0.3456237821472857,0.29385753654778457,rva
087200907,0.28362139125081903,0.3890434516401968,rva
087200908,0.45275163985976224,0.4649079450939182,rva
087201001,0.4720748370192745,0.8313209775952354,rva
087201002,0.43952200554796506,0.8209010186460594,rva
087201003,0.4615439270826363,0.9062730236653633,rva
087201102,0.3560469365348724,0.7326657931992232,rva
087201103,0.2705280019161963,0.8452082769785876,rva
087201104,0.5949371688694222,0.8373928274724233,rva
087201203,0.44608622364274986,0.7649381277640319,rva
087201204,0.21459297927374948,0.5217514366088988,rva
087201205,0.39243517249297966,0.7340053714765297,rva
087201206,0.34909080221029115,0.9032506956567552,rva
087201403,0.6186852840030411,0.7114076877211181,rva
087201404,0.5753763983273096,0.48203631067022545,rva
087201405,0.4134283791740264,0.9003439785954611,rva
087201406,0.43409340490393317,0.6801037967324562,rva
087201502,0.6407464402078406,0.7145062921454082,rva
087201503,0.40383916261009034,0.8419821201852626,rva
087201504,0.4181147825882912,0.7889876593894672,rva
087201601,0.31687442235593827,0.35909111758646756,rva
087201602,0.5917519902910893,0.6037182536030927,rva
087201701,0.43042983217655706,0.4162324083618109,rva
087980100,0,0,rva
670820100,0.43078390351956686,0.5685793348648427,rva
670820300,0.5422162179438708,0.6372023925454827,rva
670820400,0.37243682975185705,0.44776231023574903,rva
670820500,0.41958605304469965,0.3987137456038619,rva
670820600,0.38939192222399904,0.6051000879729582,rva
670820700,0.2621854992879229,0.8049672215601137,rva
670980100,0,0,rva
730810100,0.5747324916492103,0.8658311726493452,rva
730810300,0.45136231872165045,0.7321429281399368,rva
730810400,0.49203949756227155,0.8308821324601842,rva
730810500,0.44899063369318326,0.891444553526814,rva
730810600,0.4836101458396038,0.9257040463998497,rva
730810700,0.6069998317348141,0.8861012226258379,rva
730810900,0.3001733102253033,0.778307328973338,rva
730811000,0.43278257765962685,0.7331130263130983,rva
730811100,0.25340395451793374,0.7508389659527012,rva
730811200,0.41216044422866055,0.6973023956126913,rva
730811300,0.5066120177327027,0.7459808753460191,rva
760010201,0.6230718169981363,0.4671216989526929,rva
760010202,0.28446519524617997,0.20797139032836987,rva
760010300,0.339367627785059,0.8598007599292625,rva
760010401,0.795165218353905,0.6863899806758983,rva
760010402,0.6590000423124118,0.6571574714353361,rva
760010500,0.44562420544113907,0.728566950303375,rva
760010600,0.3214867043933309,0.6072216545485548,rva
760010700,0.3131023496614894,0.6982872861399874,rva
760010800,0.4029617537313433,0.8100443528721275,rva
760010900,0.38016005462431185,0.7877581865579809,rva
760011000,0.39023636113783156,0.7513918362606539,rva
760011100,0.4107114527790998,0.7241769945371721,rva
760020100,0.3409074223625284,0.933038810070824,rva
760020200,0.5021046327226103,0.9472824446918253,rva
760020300,0.4890205158580583,0.737509726853906,rva
760020400,0.36065456190586537,0.9005701202814858,rva
760020501,0.494039161591825,0.527971497045815,rva
760020502,0.31264062603401493,0.2857539160012253,rva
760020600,0.4621422855618641,0.39274972892382415,rva
760020700,0.508810959545694,0.6853684819965172,rva
760020800,0.34326338425033365,0.22545791823096517,rva
760020900,0.39371975455407854,0.6977428804817771,rva
760021000,0.5011525271265531,0.7895045616090173,rva
760021100,0.39856105610561054,0.7184208796845489,rva
760021200,0.31541142166275515,0.7309163800071202,rva
760030100,0.3636174257219488,0.9113114756058927,rva
760030200,0.36214647042375253,0.43035742318260983,rva
760030501,0.23536526366715046,0.23427681674057912,rva
760030502,0.30206907528250837,0.23067405647903572,rva
760040201,0.3730576182502717,0.48791096373274656,rva
760040202,0.4210198892017074,0.2751126492338166,rva
760040300,0.18263156157770172,0.2575790405041434,rva
760040400,0.47641854653074645,0.29809937605975956,rva
760040500,0.525206055696353,0.2426008665067294,rva
760040600,0.43269876262856477,0.08366285348215619,rva
760040700,0.4278835676146889,0.1105829555026267,rva
760040800,0.3947922937989163,0.06762117306285029,rva
760040900,0.5172413793103449,0.12529697562174516,rva
760041000,0.45063534847901426,0.050777019877525906,rva
760041100,0.38402791280489124,0.18359790061879758,rva
760041200,0.4817617866004963,0.1264743901338411,rva
760041300,0.3670942350638251,0.6118480091196308,rva
760041400,0.4044079842811911,0.5000126644293413,rva
760041600,0.40690841096530767,0.4270982597094846,rva
760050100,0.6724037339556593,0.33361023007747725,rva
760050200,0.7085964801482043,0.09501751339169912,rva
760050300,0.5122859044967621,0.05587589822226979,rva
760050400,0.8132506583935409,0.4916739761720923,rva
760050500,0.5098093951796644,0.09789846917486311,rva
760050600,0.5875677383295668,0.057857584951759494,rva
760060200,0.4636316572833754,0.8060442568467252,rva
760060400,0.47265682697501127,0.7576886448169331,rva
760060501,0.5825840458459747,0.48872206000031115,rva
760060502,0.6207059722421195,0.6209589629647293,rva
760060600,0.6250345399281569,0.26014055370063577,rva
760060700,0.5017648003528402,0.8476446338859739,rva
760060800,0.3981862628165528,0.664627627598545,rva
760060900,0.38201791507970095,0.38518693635101325,rva
760061001,0.6089550836648492,0.7428456803799023,rva
760061002,0.3999600006906356,0.47179999896312425,rva
760070100,0.3665564890799357,0.24707413116137458,rva
760070300,0.5504056615144001,0.5104113556005893,rva
760070400,0.5228411938938254,0.3745966485835186,rva
760070601,0.4077778221195806,0.5372176275319006,rva
760070602,0.4365999227975018,0.6826258185755687,rva
760070700,0.2954890708076631,0.6039896480700353,rva
760070802,0.3358040924122208,0.5490944643446574,rva
760070803,0.2608479962793582,0.6156205222162321,rva
760070804,0.34618596294911336,0.6430356855908389,rva
760070901,0.30620837589376915,0.6912472237061693,rva
760070902,0.3600974508703688,0.7128304222194816,rva
760071002,0.41069809842969585,0.6603705610521102,rva
760071003,0.29305627369872456,0.6601770148221796,rva
760071004,0.38353883735993344,0.6996318539531304,rva
760071100,0.3743011196266622,0.5399198849116791,rva
