"GEOID","NAME","Region","County","FipCodes","TotalHHE","TotalHHM","TotalOwnerOcE","TotalOwnerOcM","TotalRenterOcE","TotalRenterOcM","WhiteOwnersE","WhiteOwnersM","WhiteRentersE","WhiteRentersM","BlackOwnersE","BlackOwnersM","BlackRentersE","BlackRentersM","PercOfBlkRenters","NativeAmOwnersE","NativeAmOwnersM","NativeAmRentersE","NativeAmRentersM","AsianOwnersE","AsianOwnersM","AsianRentersE","AsianRentersM","PacificIslandOwnersE","PacificIslandOwnersM","PacificIslandRentersE","PacificIslandRentersM","HispanicLatinoOwnersE","HispanicLatinoOwnersM","HispanicLatinoRentersE","HispanicLatinoRentersM"
"51540000201","Census Tract 2.01, Charlottesville city, Virginia","Charlottesville","Charlottesville","540",1146,188,270,68,876,187,177,53,572,137,76,43,141,51,16.0958904109589,0,13,0,13,9,14,17,19,0,13,0,13,8,19,128,98
"51540000202","Census Tract 2.02, Charlottesville city, Virginia","Charlottesville","Charlottesville","540",1544,256,190,115,1354,245,77,50,901,181,113,106,285,184,21.0487444608567,0,18,13,24,0,18,155,80,0,18,0,18,0,18,64,54
"51540000302","Census Tract 3.02, Charlottesville city, Virginia","Charlottesville","Charlottesville","540",1607,280,633,165,974,239,484,106,832,221,11,14,85,61,8.72689938398357,0,13,13,20,6,10,22,26,0,13,0,13,26,33,109,98
"51540000401","Census Tract 4.01, Charlottesville city, Virginia","Charlottesville","Charlottesville","540",1471,169,721,180,750,155,520,147,364,120,150,116,374,143,49.8666666666667,0,13,0,13,28,31,12,22,0,13,0,13,61,75,32,46
"51540000402","Census Tract 4.02, Charlottesville city, Virginia","Charlottesville","Charlottesville","540",2128,207,1196,199,932,244,1087,192,723,206,67,68,164,101,17.5965665236052,0,13,19,32,42,58,0,13,0,13,0,13,37,61,0,13
"51540000501","Census Tract 5.01, Charlottesville city, Virginia","Charlottesville","Charlottesville","540",1666,178,615,199,1051,189,311,112,434,126,266,145,484,164,46.0513796384396,0,13,0,13,30,30,58,43,0,13,0,13,9,15,29,28
"51540000502","Census Tract 5.02, Charlottesville city, Virginia","Charlottesville","Charlottesville","540",2033,223,872,207,1161,210,838,203,741,200,12,24,218,73,18.7769164513351,0,18,0,18,22,27,90,89,0,18,0,18,12,24,62,83
"51540000600","Census Tract 6, Charlottesville city, Virginia","Charlottesville","Charlottesville","540",1275,151,96,52,1179,163,83,52,643,153,10,17,127,77,10.7718405428329,0,13,0,13,3,7,291,110,0,13,0,13,0,13,55,35
"51540000700","Census Tract 7, Charlottesville city, Virginia","Charlottesville","Charlottesville","540",1651,171,828,98,823,150,817,101,683,137,7,15,0,13,0,0,13,30,45,4,7,84,60,0,13,0,13,11,21,25,25
"51540000800","Census Tract 8, Charlottesville city, Virginia","Charlottesville","Charlottesville","540",1451,176,971,162,480,118,899,156,251,89,41,37,160,80,33.3333333333333,0,13,0,13,30,31,39,33,0,13,0,13,14,23,52,51
"51540000900","Census Tract 9, Charlottesville city, Virginia","Charlottesville","Charlottesville","540",884,100,571,89,313,79,503,89,309,78,25,26,0,13,0,0,13,0,13,43,43,0,13,0,13,0,13,0,13,4,12
"51540001000","Census Tract 10, Charlottesville city, Virginia","Charlottesville","Charlottesville","540",1958,309,587,163,1371,279,578,162,1270,264,1,5,21,28,1.53172866520788,0,13,0,13,8,14,20,23,0,13,0,13,11,19,45,48
"51041100106","Census Tract 1001.06, Chesterfield County, Virginia","Richmond","Chesterfield County","041",1355,241,1282,240,73,62,1232,230,48,48,40,57,0,13,0,0,13,0,13,10,16,0,13,0,13,0,13,10,17,0,13
"51041100107","Census Tract 1001.07, Chesterfield County, Virginia","Richmond","Chesterfield County","041",1048,182,162,52,886,178,152,51,323,82,0,13,402,147,45.372460496614,0,13,0,13,6,9,18,17,0,13,0,13,5,8,252,93
"51041100206","Census Tract 1002.06, Chesterfield County, Virginia","Richmond","Chesterfield County","041",2290,317,1748,318,542,235,1055,294,169,98,519,116,151,89,27.859778597786,63,70,0,18,71,76,0,18,13,25,0,18,24,88,89,113
"51041100208","Census Tract 1002.08, Chesterfield County, Virginia","Richmond","Chesterfield County","041",983,95,905,107,78,56,692,111,71,55,139,54,0,13,0,0,13,0,13,11,18,0,13,0,13,0,13,28,25,7,11
"51041100209","Census Tract 1002.09, Chesterfield County, Virginia","Richmond","Chesterfield County","041",2680,317,2193,310,487,209,1282,288,209,141,793,239,267,165,54.8254620123203,0,18,0,18,29,37,11,20,10,25,0,18,33,36,72,70
"51041100210","Census Tract 1002.10, Chesterfield County, Virginia","Richmond","Chesterfield County","041",722,106,265,71,457,100,119,42,203,57,119,59,196,90,42.8884026258206,0,13,0,13,0,13,27,36,0,13,0,13,15,26,34,33
"51041100211","Census Tract 1002.11, Chesterfield County, Virginia","Richmond","Chesterfield County","041",1593,399,769,153,824,391,325,91,120,84,408,142,544,318,66.0194174757282,0,13,0,13,0,13,0,13,0,13,0,13,81,55,231,226
"51041100212","Census Tract 1002.12, Chesterfield County, Virginia","Richmond","Chesterfield County","041",1924,317,771,232,1153,250,254,96,168,105,418,215,879,276,76.2359063313096,0,18,0,18,0,18,0,18,0,18,0,18,161,112,165,115
"51041100300","Census Tract 1003, Chesterfield County, Virginia","Richmond","Chesterfield County","041",1082,199,451,99,631,208,274,75,311,115,93,49,155,91,24.5641838351823,0,13,0,13,24,29,13,17,0,13,0,13,107,65,200,122
"51041100403","Census Tract 1004.03, Chesterfield County, Virginia","Richmond","Chesterfield County","041",2551,298,1579,256,972,228,1192,229,491,173,202,99,356,174,36.6255144032922,0,18,16,27,119,80,89,70,0,18,0,18,32,39,190,133
"51041100404","Census Tract 1004.04, Chesterfield County, Virginia","Richmond","Chesterfield County","041",835,82,244,54,591,75,118,41,342,69,74,38,126,55,21.3197969543147,4,8,8,12,21,16,0,13,4,6,0,13,54,33,242,75
"51041100405","Census Tract 1004.05, Chesterfield County, Virginia","Richmond","Chesterfield County","041",798,114,316,66,482,131,236,46,187,76,34,26,193,125,40.0414937759336,6,9,23,29,0,13,0,13,0,13,0,13,76,48,135,56
"51041100406","Census Tract 1004.06, Chesterfield County, Virginia","Richmond","Chesterfield County","041",760,151,81,63,679,140,74,64,206,49,7,10,415,128,61.119293078056,0,13,0,13,0,13,5,8,0,13,0,13,4,6,91,41
"51041100407","Census Tract 1004.07, Chesterfield County, Virginia","Richmond","Chesterfield County","041",1402,203,741,146,661,221,504,134,348,163,201,85,214,118,32.375189107413,0,13,0,13,0,13,0,13,0,13,0,13,83,68,141,125
"51041100409","Census Tract 1004.09, Chesterfield County, Virginia","Richmond","Chesterfield County","041",2498,326,2166,298,332,199,1788,288,187,99,337,124,145,171,43.6746987951807,0,18,0,18,14,23,0,18,0,18,0,18,74,29,0,18
"51041100410","Census Tract 1004.10, Chesterfield County, Virginia","Richmond","Chesterfield County","041",1085,116,323,90,762,130,241,73,375,91,34,41,328,129,43.0446194225722,0,13,0,13,0,13,22,30,0,13,0,13,48,56,17,27
"51041100505","Census Tract 1005.05, Chesterfield County, Virginia","Richmond","Chesterfield County","041",2102,212,1567,204,535,166,1296,199,367,181,131,89,159,96,29.7196261682243,0,18,9,18,80,85,0,18,0,18,0,18,43,41,0,18
"51041100506","Census Tract 1005.06, Chesterfield County, Virginia","Richmond","Chesterfield County","041",2106,298,1489,246,617,225,795,255,193,142,551,222,254,122,41.1669367909238,0,18,0,18,24,23,0,18,0,18,0,18,139,131,196,161
"51041100507","Census Tract 1005.07, Chesterfield County, Virginia","Richmond","Chesterfield County","041",2623,332,2407,367,216,126,1449,175,119,88,711,273,82,78,37.962962962963,0,18,0,18,72,99,15,25,0,18,0,18,176,126,49,59
"51041100508","Census Tract 1005.08, Chesterfield County, Virginia","Richmond","Chesterfield County","041",1924,260,1315,252,609,216,897,234,369,197,308,99,215,75,35.303776683087,8,14,0,18,45,56,0,18,0,18,0,18,46,46,0,18
"51041100509","Census Tract 1005.09, Chesterfield County, Virginia","Richmond","Chesterfield County","041",2270,250,2021,227,249,157,1385,213,83,75,499,136,166,141,66.6666666666667,0,18,0,18,74,57,0,18,0,18,0,18,105,75,96,124
"51041100510","Census Tract 1005.10, Chesterfield County, Virginia","Richmond","Chesterfield County","041",1474,174,832,117,642,138,694,108,321,108,64,33,219,102,34.1121495327103,0,13,0,13,13,20,102,105,0,13,0,13,44,41,0,13
"51041100600","Census Tract 1006, Chesterfield County, Virginia","Richmond","Chesterfield County","041",571,149,426,150,145,57,138,104,6,9,236,101,134,56,92.4137931034483,4,7,0,13,0,13,0,13,0,13,0,13,65,96,13,19
"51041100701","Census Tract 1007.01, Chesterfield County, Virginia","Richmond","Chesterfield County","041",2185,344,1708,359,477,169,1147,320,315,149,558,160,145,95,30.398322851153,3,5,0,18,0,18,0,18,0,18,17,31,95,71,0,18
"51041100702","Census Tract 1007.02, Chesterfield County, Virginia","Richmond","Chesterfield County","041",708,121,574,127,134,71,321,45,77,41,253,121,57,46,42.5373134328358,0,13,0,13,0,13,0,13,0,13,0,13,13,17,0,13
"51041100704","Census Tract 1007.04, Chesterfield County, Virginia","Richmond","Chesterfield County","041",1809,282,1708,293,101,76,1377,288,87,70,200,80,14,23,13.8613861386139,0,18,0,18,0,18,0,18,0,18,0,18,0,18,0,18
"51041100705","Census Tract 1007.05, Chesterfield County, Virginia","Richmond","Chesterfield County","041",932,118,890,127,42,38,774,129,28,31,85,28,14,22,33.3333333333333,0,13,0,13,0,13,0,13,0,13,0,13,20,30,0,13
"51041100804","Census Tract 1008.04, Chesterfield County, Virginia","Richmond","Chesterfield County","041",1681,168,1187,171,494,102,438,70,148,73,531,174,236,91,47.7732793522267,12,19,6,11,101,54,58,52,0,13,0,13,95,72,78,59
"51041100805","Census Tract 1008.05, Chesterfield County, Virginia","Richmond","Chesterfield County","041",1953,467,1481,470,472,145,896,437,144,79,461,128,300,133,63.5593220338983,0,18,0,18,23,37,0,18,0,18,0,18,140,60,36,36
"51041100806","Census Tract 1008.06, Chesterfield County, Virginia","Richmond","Chesterfield County","041",1150,108,570,119,580,134,217,75,200,93,314,103,278,96,47.9310344827586,0,13,0,13,0,13,28,46,0,13,0,13,58,48,231,95
"51041100807","Census Tract 1008.07, Chesterfield County, Virginia","Richmond","Chesterfield County","041",699,92,495,82,204,72,341,76,84,54,114,39,42,42,20.5882352941176,0,13,0,13,0,13,0,13,0,13,0,13,45,37,90,52
"51041100812","Census Tract 1008.12, Chesterfield County, Virginia","Richmond","Chesterfield County","041",2068,190,1923,210,145,84,1629,227,80,57,216,81,65,67,44.8275862068966,0,18,0,18,0,18,0,18,0,18,0,18,99,79,36,57
"51041100814","Census Tract 1008.14, Chesterfield County, Virginia","Richmond","Chesterfield County","041",1287,166,988,145,299,93,577,93,178,87,294,107,87,56,29.0969899665552,0,13,15,24,18,20,10,18,0,13,0,13,148,72,35,40
"51041100815","Census Tract 1008.15, Chesterfield County, Virginia","Richmond","Chesterfield County","041",1657,238,1319,180,338,158,862,123,177,135,367,125,60,49,17.7514792899408,0,18,0,18,38,42,0,18,0,18,0,18,107,77,129,87
"51041100816","Census Tract 1008.16, Chesterfield County, Virginia","Richmond","Chesterfield County","041",1647,186,1440,201,207,97,1044,202,178,93,319,68,9,15,4.34782608695652,0,13,0,13,0,13,10,17,0,13,0,13,95,41,17,19
"51041100817","Census Tract 1008.17, Chesterfield County, Virginia","Richmond","Chesterfield County","041",1158,107,679,111,479,104,508,105,375,108,147,84,104,56,21.7118997912317,0,13,0,13,0,13,0,13,0,13,0,13,68,56,100,73
"51041100818","Census Tract 1008.18, Chesterfield County, Virginia","Richmond","Chesterfield County","041",1554,303,1461,310,93,68,831,284,22,22,524,115,71,65,76.3440860215054,0,13,0,13,29,46,0,13,0,13,0,13,69,72,5,10
"51041100819","Census Tract 1008.19, Chesterfield County, Virginia","Richmond","Chesterfield County","041",2229,199,1570,240,659,194,609,201,165,103,776,157,399,151,60.546282245827,0,18,0,18,94,95,0,18,0,18,0,18,31,31,56,51
"51041100820","Census Tract 1008.20, Chesterfield County, Virginia","Richmond","Chesterfield County","041",1296,193,904,200,392,121,323,97,49,33,458,177,290,111,73.9795918367347,0,13,0,13,64,44,11,20,0,13,0,13,63,42,46,42
"51041100821","Census Tract 1008.21, Chesterfield County, Virginia","Richmond","Chesterfield County","041",1695,156,1616,165,79,45,1417,172,72,44,94,43,7,12,8.86075949367089,0,13,0,13,65,53,0,13,10,19,0,13,14,17,0,13
"51041100822","Census Tract 1008.22, Chesterfield County, Virginia","Richmond","Chesterfield County","041",2212,181,1744,188,468,88,1232,122,242,79,226,62,191,83,40.8119658119658,0,18,0,18,206,133,10,17,0,18,0,18,34,33,50,64
"51041100823","Census Tract 1008.23, Chesterfield County, Virginia","Richmond","Chesterfield County","041",2271,177,1819,189,452,165,1243,133,265,129,493,128,153,114,33.8495575221239,0,18,0,18,83,94,0,18,0,18,0,18,0,18,48,40
"51041100902","Census Tract 1009.02, Chesterfield County, Virginia","Richmond","Chesterfield County","041",1491,215,1247,89,244,210,1184,94,86,50,33,24,142,196,58.1967213114754,0,13,0,13,30,43,6,10,0,13,0,13,20,21,3,7
"51041100907","Census Tract 1009.07, Chesterfield County, Virginia","Richmond","Chesterfield County","041",991,182,646,98,345,154,491,100,283,141,65,47,35,68,10.1449275362319,0,13,0,13,17,21,9,16,0,13,0,13,168,77,18,27
"51041100910","Census Tract 1009.10, Chesterfield County, Virginia","Richmond","Chesterfield County","041",1896,191,1710,182,186,90,1150,172,133,81,400,138,5,12,2.68817204301075,38,45,0,18,0,18,0,18,0,18,0,18,59,44,32,35
"51041100912","Census Tract 1009.12, Chesterfield County, Virginia","Richmond","Chesterfield County","041",2440,242,2259,239,181,88,2030,237,163,81,103,54,0,18,0,0,18,18,33,77,68,0,18,0,18,0,18,127,120,0,18
"51041100915","Census Tract 1009.15, Chesterfield County, Virginia","Richmond","Chesterfield County","041",1708,163,1148,107,560,150,922,107,490,149,120,30,70,64,12.5,0,13,0,13,66,54,0,13,0,13,0,13,38,57,19,23
"51041100919","Census Tract 1009.19, Chesterfield County, Virginia","Richmond","Chesterfield County","041",2389,206,1895,234,494,152,1391,228,259,107,379,108,195,126,39.4736842105263,0,18,0,18,113,82,0,18,0,18,0,18,28,35,25,36
"51041100920","Census Tract 1009.20, Chesterfield County, Virginia","Richmond","Chesterfield County","041",778,80,114,42,664,96,85,37,383,75,0,13,222,92,33.433734939759,0,13,0,13,17,18,47,41,0,13,0,13,5,9,12,14
"51041100921","Census Tract 1009.21, Chesterfield County, Virginia","Richmond","Chesterfield County","041",2455,176,1622,188,833,170,1357,183,540,148,107,80,133,77,15.9663865546218,0,18,0,18,131,45,67,72,0,18,0,18,19,31,180,118
"51041100922","Census Tract 1009.22, Chesterfield County, Virginia","Richmond","Chesterfield County","041",1965,289,1504,304,461,171,971,146,277,100,419,278,184,125,39.9132321041215,9,12,0,13,23,23,0,13,7,13,0,13,99,65,36,44
"51041100923","Census Tract 1009.23, Chesterfield County, Virginia","Richmond","Chesterfield County","041",1192,285,1059,282,133,83,642,261,120,79,335,93,13,20,9.77443609022556,0,13,0,13,36,45,0,13,0,13,0,13,14,24,6,12
"51109950101","Census Tract 9501.01, Louisa County, Virginia","Charlottesville","Louisa","109",1039,199,885,211,154,93,840,208,154,93,0,13,0,13,0,0,13,0,13,45,51,0,13,0,13,0,13,0,13,0,13
"51109950102","Census Tract 9501.02, Louisa County, Virginia","Charlottesville","Louisa","109",1818,194,1482,177,336,142,1235,176,230,100,199,100,44,51,13.0952380952381,0,13,0,13,19,31,0,13,0,13,0,13,29,37,94,70
"51109950201","Census Tract 9502.01, Louisa County, Virginia","Charlottesville","Louisa","109",2290,250,1312,181,978,230,985,144,631,205,255,81,310,103,31.6973415132924,13,20,0,18,0,18,7,13,0,18,0,18,0,18,45,45
"51109950202","Census Tract 9502.02, Louisa County, Virginia","Charlottesville","Louisa","109",1731,202,1410,225,321,131,1083,209,263,107,290,90,35,48,10.9034267912773,0,13,0,13,0,13,0,13,0,13,0,13,51,40,17,36
"51109950301","Census Tract 9503.01, Louisa County, Virginia","Charlottesville","Louisa","109",1299,144,1178,144,121,87,1009,125,92,77,169,74,29,48,23.9669421487603,0,13,0,13,0,13,0,13,0,13,0,13,0,13,0,13
"51109950302","Census Tract 9503.02, Louisa County, Virginia","Charlottesville","Louisa","109",1275,233,978,241,297,172,763,229,201,109,178,95,96,146,32.3232323232323,0,13,0,13,0,13,0,13,0,13,0,13,17,29,0,13
"51109950303","Census Tract 9503.03, Louisa County, Virginia","Charlottesville","Louisa","109",1082,219,858,220,224,101,814,223,224,101,37,36,0,13,0,0,13,0,13,0,13,0,13,0,13,0,13,18,32,0,13
"51109950400","Census Tract 9504, Louisa County, Virginia","Charlottesville","Louisa","109",1219,139,1055,141,164,81,681,117,115,66,357,80,35,44,21.3414634146341,0,13,0,13,7,11,0,13,0,13,0,13,25,39,0,13
"51109950500","Census Tract 9505, Louisa County, Virginia","Charlottesville","Louisa","109",2630,285,2249,254,381,188,1964,251,273,144,244,117,108,139,28.3464566929134,0,18,0,18,0,18,0,18,0,18,0,18,39,51,0,18
"51041100924","Census Tract 1009.24, Chesterfield County, Virginia","Richmond","Chesterfield County","041",1833,138,1442,146,391,115,1305,147,328,105,6,9,45,55,11.5089514066496,0,18,0,18,131,69,12,17,0,18,0,18,0,18,6,10
"51041100926","Census Tract 1009.26, Chesterfield County, Virginia","Richmond","Chesterfield County","041",2350,269,2008,229,342,135,1798,258,320,136,68,90,14,23,4.09356725146199,0,18,0,18,125,54,8,15,0,18,0,18,56,48,0,18
"51041100928","Census Tract 1009.28, Chesterfield County, Virginia","Richmond","Chesterfield County","041",3157,371,2185,281,972,244,1605,220,751,228,279,146,182,144,18.7242798353909,0,18,0,18,226,85,21,33,0,18,0,18,0,18,132,158
"51041100929","Census Tract 1009.29, Chesterfield County, Virginia","Richmond","Chesterfield County","041",2203,211,1792,226,411,106,1655,232,190,91,68,43,80,59,19.4647201946472,0,18,0,18,69,66,122,86,0,18,0,18,26,30,20,31
"51041100930","Census Tract 1009.30, Chesterfield County, Virginia","Richmond","Chesterfield County","041",1145,153,1097,165,48,49,1001,156,48,49,26,24,0,13,0,0,13,0,13,48,33,0,13,0,13,0,13,25,37,0,13
"51041100931","Census Tract 1009.31, Chesterfield County, Virginia","Richmond","Chesterfield County","041",1925,148,1863,153,62,49,1660,132,47,44,128,73,15,23,24.1935483870968,3,5,0,18,26,42,0,18,0,18,0,18,21,34,0,18
"51041100932","Census Tract 1009.32, Chesterfield County, Virginia","Richmond","Chesterfield County","041",1234,159,1148,171,86,52,987,168,69,45,90,36,17,25,19.7674418604651,0,13,0,13,28,32,0,13,0,13,0,13,57,57,0,13
"51041100933","Census Tract 1009.33, Chesterfield County, Virginia","Richmond","Chesterfield County","041",1124,191,572,195,552,100,444,181,347,90,94,65,166,82,30.0724637681159,0,13,0,13,12,20,22,35,0,13,0,13,35,51,17,21
"51041100934","Census Tract 1009.34, Chesterfield County, Virginia","Richmond","Chesterfield County","041",2342,156,1710,192,632,165,1321,179,374,109,271,114,177,132,28.006329113924,0,18,0,18,0,18,0,18,0,18,0,18,166,76,39,59
"51041100935","Census Tract 1009.35, Chesterfield County, Virginia","Richmond","Chesterfield County","041",1364,188,1271,167,93,53,1252,169,93,53,0,13,0,13,0,0,13,0,13,10,16,0,13,0,13,0,13,4,6,0,13
"51041100936","Census Tract 1009.36, Chesterfield County, Virginia","Richmond","Chesterfield County","041",1340,200,1317,193,23,24,1251,194,16,22,30,23,7,12,30.4347826086957,0,13,0,13,18,21,0,13,0,13,0,13,29,25,0,13
"51041100937","Census Tract 1009.37, Chesterfield County, Virginia","Richmond","Chesterfield County","041",1719,240,1009,159,710,241,872,154,499,154,102,28,191,223,26.9014084507042,0,13,0,13,0,13,20,32,0,13,0,13,89,72,10,19
"51041100938","Census Tract 1009.38, Chesterfield County, Virginia","Richmond","Chesterfield County","041",2913,790,2833,797,80,69,2378,801,27,32,95,58,39,56,48.75,0,18,0,18,158,57,14,25,0,18,0,18,27,34,0,18
"51041101003","Census Tract 1010.03, Chesterfield County, Virginia","Richmond","Chesterfield County","041",3197,432,3060,441,137,84,2592,416,137,84,215,72,0,18,0,0,18,0,18,126,54,0,18,0,18,0,18,155,114,0,18
"51041101004","Census Tract 1010.04, Chesterfield County, Virginia","Richmond","Chesterfield County","041",1689,180,1589,192,100,64,1311,170,84,59,172,87,16,26,16,10,15,0,13,28,39,0,13,0,13,0,13,61,57,0,13
"51041101007","Census Tract 1010.07, Chesterfield County, Virginia","Richmond","Chesterfield County","041",2330,282,2023,303,307,126,1860,292,240,113,57,48,48,42,15.6351791530945,0,18,0,18,71,50,0,18,0,18,0,18,47,59,19,31
"51041101008","Census Tract 1010.08, Chesterfield County, Virginia","Richmond","Chesterfield County","041",1739,194,1441,128,298,162,1285,133,146,140,76,20,75,80,25.1677852348993,0,18,0,18,59,47,57,61,0,18,0,18,44,39,20,32
"51041101009","Census Tract 1010.09, Chesterfield County, Virginia","Richmond","Chesterfield County","041",2137,272,1813,241,324,135,1369,196,270,131,276,121,28,24,8.64197530864197,11,17,0,18,123,117,26,36,0,18,0,18,67,59,20,34
"51041101011","Census Tract 1010.11, Chesterfield County, Virginia","Richmond","Chesterfield County","041",950,77,834,76,116,66,644,72,76,46,112,37,40,46,34.4827586206897,0,13,0,13,25,28,0,13,0,13,0,13,69,54,9,15
"51041101012","Census Tract 1010.12, Chesterfield County, Virginia","Richmond","Chesterfield County","041",2113,190,1203,206,910,196,993,202,613,186,106,90,241,109,26.4835164835165,0,18,0,18,0,18,56,66,0,18,0,18,9,16,0,18
"51041101013","Census Tract 1010.13, Chesterfield County, Virginia","Richmond","Chesterfield County","041",1210,139,1178,139,32,28,1060,131,12,19,111,49,20,23,62.5,0,13,0,13,0,13,0,13,0,13,0,13,21,25,0,13
"51041101014","Census Tract 1010.14, Chesterfield County, Virginia","Richmond","Chesterfield County","041",895,137,843,144,52,44,604,104,52,44,152,99,0,13,0,10,17,0,13,64,45,0,13,0,13,0,13,28,42,0,13
"51041101015","Census Tract 1010.15, Chesterfield County, Virginia","Richmond","Chesterfield County","041",2149,203,2026,209,123,97,1689,204,108,92,261,80,0,18,0,0,18,0,18,55,69,15,22,0,18,0,18,102,73,0,18
"51125950101","Census Tract 9501.01, Nelson County, Virginia","Charlottesville","Nelson","125",1367,226,1139,222,228,126,936,205,228,126,203,99,0,13,0,0,13,0,13,0,13,0,13,0,13,0,13,0,13,83,102
"51125950102","Census Tract 9501.02, Nelson County, Virginia","Charlottesville","Nelson","125",816,150,614,145,202,139,528,136,86,63,65,71,116,136,57.4257425742574,0,13,0,13,0,13,0,13,0,13,0,13,59,58,17,31
"51125950201","Census Tract 9502.01, Nelson County, Virginia","Charlottesville","Nelson","125",1064,197,848,168,216,130,767,159,216,130,81,54,0,13,0,0,13,0,13,0,13,0,13,0,13,0,13,17,31,0,13
"51125950202","Census Tract 9502.02, Nelson County, Virginia","Charlottesville","Nelson","125",1248,205,1039,183,209,116,984,157,88,77,41,60,65,67,31.1004784688995,0,13,0,13,0,13,0,13,0,13,0,13,0,13,27,42
"51125950300","Census Tract 9503, Nelson County, Virginia","Charlottesville","Nelson","125",1903,283,1165,156,738,249,829,128,661,256,328,123,77,79,10.4336043360434,0,13,0,13,0,13,0,13,0,13,0,13,8,16,60,70
"51670820100","Census Tract 8201, Hopewell city, Virginia","Richmond","Hopewell City","670",725,184,211,65,514,178,173,60,147,77,20,27,338,167,65.7587548638132,0,13,0,13,0,13,0,13,0,13,0,13,32,46,55,48
"51670820300","Census Tract 8203, Hopewell city, Virginia","Richmond","Hopewell City","670",1195,154,309,134,886,176,224,91,435,117,6,12,377,122,42.5507900677201,0,13,0,13,79,102,74,75,0,13,0,13,0,13,26,33
"51670820400","Census Tract 8204, Hopewell city, Virginia","Richmond","Hopewell City","670",2502,242,1505,237,997,226,1131,192,354,138,362,177,599,187,60.0802407221665,0,18,0,18,0,18,0,18,0,18,0,18,123,110,90,81
"51670820500","Census Tract 8205, Hopewell city, Virginia","Richmond","Hopewell City","670",1630,201,1100,170,530,144,924,157,310,131,122,62,220,103,41.5094339622642,0,13,0,13,0,13,0,13,0,13,0,13,71,68,0,13
"51670820600","Census Tract 8206, Hopewell city, Virginia","Richmond","Hopewell City","670",2237,308,982,233,1255,291,594,186,483,176,388,198,676,243,53.8645418326693,0,18,0,18,0,18,0,18,0,18,0,18,59,72,129,132
"51670820700","Census Tract 8207, Hopewell city, Virginia","Richmond","Hopewell City","670",1073,162,300,93,773,129,43,35,179,84,217,86,511,102,66.1060802069858,0,13,0,13,0,13,0,13,0,13,0,13,51,39,51,54
"51670980100","Census Tract 9801, Hopewell city, Virginia","Richmond","Hopewell City","670",0,13,0,13,0,13,0,13,0,13,0,13,0,13,NA,0,13,0,13,0,13,0,13,0,13,0,13,0,13,0,13
"51730810100","Census Tract 8101, Petersburg city, Virginia","Richmond","Petersburg City","730",828,92,282,83,546,111,36,38,41,29,225,80,486,103,89.010989010989,0,13,0,13,0,13,0,13,0,13,0,13,9,16,19,31
"51730810300","Census Tract 8103, Petersburg city, Virginia","Richmond","Petersburg City","730",998,193,317,94,681,185,159,71,151,79,158,75,530,200,77.8267254038179,0,13,0,13,0,13,0,13,0,13,0,13,21,29,0,13
"51730810400","Census Tract 8104, Petersburg city, Virginia","Richmond","Petersburg City","730",718,141,100,35,618,136,0,13,73,48,100,35,513,134,83.0097087378641,0,13,32,14,0,13,0,13,0,13,0,13,0,13,0,13
"51730810500","Census Tract 8105, Petersburg city, Virginia","Richmond","Petersburg City","730",1359,152,737,114,622,162,17,20,9,17,683,113,536,153,86.1736334405145,0,13,0,13,18,30,0,13,0,13,0,13,0,13,45,50
"51730810600","Census Tract 8106, Petersburg city, Virginia","Richmond","Petersburg City","730",743,102,234,71,509,83,0,13,2,4,206,66,487,81,95.6777996070727,0,13,0,13,28,29,20,31,0,13,0,13,0,13,0,13
"51730810700","Census Tract 8107, Petersburg city, Virginia","Richmond","Petersburg City","730",807,139,171,62,636,137,31,31,0,13,134,53,628,139,98.7421383647799,0,13,0,13,0,13,0,13,0,13,0,13,0,13,0,13
"51730810900","Census Tract 8109, Petersburg city, Virginia","Richmond","Petersburg City","730",1074,126,575,165,499,154,168,67,24,35,387,153,475,140,95.190380761523,0,13,0,13,6,11,0,13,0,13,0,13,0,13,38,53
"51730811000","Census Tract 8110, Petersburg city, Virginia","Richmond","Petersburg City","730",2091,326,744,144,1347,313,324,69,212,89,419,137,1037,315,76.9858945805494,0,13,0,13,0,13,16,23,0,13,0,13,12,19,70,81
"51730811100","Census Tract 8111, Petersburg city, Virginia","Richmond","Petersburg City","730",1309,193,652,184,657,140,90,56,229,101,495,172,326,107,49.6194824961948,8,20,0,13,54,29,30,33,0,13,0,13,21,27,31,44
"51730811200","Census Tract 8112, Petersburg city, Virginia","Richmond","Petersburg City","730",1456,172,609,148,847,139,86,50,156,69,475,142,648,143,76.5053128689492,0,13,0,13,19,21,0,13,0,13,0,13,39,47,154,77
"51730811300","Census Tract 8113, Petersburg city, Virginia","Richmond","Petersburg City","730",1848,257,350,93,1498,238,95,60,331,95,255,77,1047,222,69.8931909212283,0,13,0,13,0,13,0,13,0,13,0,13,10,17,14,23
"51760010201","Census Tract 102.01, Richmond city, Virginia","Richmond","Richmond City","760",1031,137,689,124,342,101,627,133,59,61,16,25,283,83,82.7485380116959,0,13,0,13,32,55,0,13,0,13,0,13,0,13,0,13
"51760010202","Census Tract 102.02, Richmond city, Virginia","Richmond","Richmond City","760",1446,310,546,132,900,281,468,130,495,184,51,48,405,267,45,0,13,0,13,0,13,0,13,0,13,0,13,13,14,35,55
"51760010300","Census Tract 103, Richmond city, Virginia","Richmond","Richmond City","760",715,198,185,58,530,180,16,18,45,35,161,56,485,181,91.5094339622642,8,15,0,13,0,13,0,13,0,13,0,13,0,13,0,13
"51760010401","Census Tract 104.01, Richmond city, Virginia","Richmond","Richmond City","760",1407,202,824,175,583,140,805,175,152,61,0,13,401,127,68.7821612349914,0,13,0,13,10,15,0,13,0,13,0,13,22,22,18,28
"51760010402","Census Tract 104.02, Richmond city, Virginia","Richmond","Richmond City","760",1269,150,764,116,505,143,562,110,175,93,124,71,330,123,65.3465346534654,0,13,0,13,0,13,0,13,0,13,0,13,8,10,0,13
"51760010500","Census Tract 105, Richmond city, Virginia","Richmond","Richmond City","760",635,69,429,66,206,65,113,36,18,21,301,64,183,64,88.8349514563107,0,13,0,13,0,13,0,13,0,13,0,13,0,13,0,13
"51760010600","Census Tract 106, Richmond city, Virginia","Richmond","Richmond City","760",884,124,547,83,337,125,204,57,152,111,315,56,129,41,38.2789317507418,0,13,0,13,13,17,10,12,0,13,0,13,2,3,4,7
"51760010700","Census Tract 107, Richmond city, Virginia","Richmond","Richmond City","760",911,124,536,122,375,106,173,69,59,42,363,108,290,106,77.3333333333333,0,13,0,13,0,13,0,13,0,13,0,13,0,13,0,13
"51760010800","Census Tract 108, Richmond city, Virginia","Richmond","Richmond City","760",1705,173,900,174,805,152,121,56,24,29,725,147,733,155,91.055900621118,8,14,0,13,46,69,0,13,0,13,0,13,9,14,65,50
"51760010900","Census Tract 109, Richmond city, Virginia","Richmond","Richmond City","760",1131,225,481,128,650,238,94,54,99,46,387,115,522,241,80.3076923076923,0,13,0,13,0,13,0,13,0,13,0,13,6,10,0,13
"51760011000","Census Tract 110, Richmond city, Virginia","Richmond","Richmond City","760",955,135,399,67,556,134,118,51,65,34,267,68,469,134,84.3525179856115,0,13,0,13,6,9,0,13,0,13,0,13,2,6,8,9
"51760011100","Census Tract 111, Richmond city, Virginia","Richmond","Richmond City","760",1014,156,551,123,463,128,134,32,111,56,383,126,276,111,59.6112311015119,0,13,14,20,3,5,32,41,0,13,0,13,19,28,5,6
"51760020100","Census Tract 201, Richmond city, Virginia","Richmond","Richmond City","760",686,138,154,78,532,156,0,13,46,55,154,78,418,126,78.5714285714286,0,13,0,13,0,13,8,12,0,13,0,13,0,13,6,9
"51760020200","Census Tract 202, Richmond city, Virginia","Richmond","Richmond City","760",1231,146,146,65,1085,155,0,13,27,35,146,65,1058,153,97.5115207373272,0,13,0,13,0,13,0,13,0,13,0,13,0,13,9,13
"51760020300","Census Tract 203, Richmond city, Virginia","Richmond","Richmond City","760",732,104,406,96,326,116,66,47,73,40,297,69,243,105,74.5398773006135,0,13,0,13,9,11,7,12,0,13,0,13,0,13,3,6
"51760020400","Census Tract 204, Richmond city, Virginia","Richmond","Richmond City","760",1445,214,203,65,1242,211,34,40,64,53,169,56,1161,214,93.4782608695652,0,13,0,13,0,13,0,13,0,13,0,13,0,13,4,8
"51760020501","Census Tract 205.01, Richmond city, Virginia","Richmond","Richmond City","760",2001,366,74,65,1927,376,39,42,1159,413,35,54,652,170,33.8349766476388,0,13,0,13,0,13,10,10,0,13,0,13,0,13,27,35
"51760020502","Census Tract 205.02, Richmond city, Virginia","Richmond","Richmond City","760",1521,291,283,114,1238,306,199,122,801,214,84,21,250,196,20.1938610662359,0,13,0,13,0,13,163,105,0,13,0,13,0,13,99,110
"51760020600","Census Tract 206, Richmond city, Virginia","Richmond","Richmond City","760",1048,182,496,142,552,135,416,145,326,102,47,28,159,83,28.804347826087,6,8,0,13,7,8,31,38,0,13,0,13,18,19,0,13
"51760020700","Census Tract 207, Richmond city, Virginia","Richmond","Richmond City","760",713,87,265,63,448,94,81,32,44,21,165,52,387,86,86.3839285714286,0,13,0,13,8,10,0,13,0,13,0,13,0,13,0,13
"51760020800","Census Tract 208, Richmond city, Virginia","Richmond","Richmond City","760",876,181,416,111,460,156,367,102,283,83,42,27,147,118,31.9565217391304,0,13,11,18,7,12,1,3,0,13,0,13,0,13,7,9
"51760020900","Census Tract 209, Richmond city, Virginia","Richmond","Richmond City","760",1161,145,516,118,645,132,104,47,134,49,364,104,482,126,74.7286821705426,0,13,0,13,0,13,6,10,0,13,0,13,22,29,28,50
"51760021000","Census Tract 210, Richmond city, Virginia","Richmond","Richmond City","760",933,316,278,130,655,297,110,43,47,34,143,126,598,299,91.2977099236641,0,13,0,13,0,13,0,13,0,13,0,13,20,18,5,7
"51760021100","Census Tract 211, Richmond city, Virginia","Richmond","Richmond City","760",800,288,605,293,195,70,101,51,71,53,477,308,124,49,63.5897435897436,0,13,0,13,0,13,0,13,0,13,0,13,12,13,0,13
"51760021200","Census Tract 212, Richmond city, Virginia","Richmond","Richmond City","760",692,119,285,83,407,101,121,50,57,34,150,81,336,95,82.5552825552825,0,13,14,26,0,13,0,13,0,13,0,13,3,5,0,13
"51760030100","Census Tract 301, Richmond city, Virginia","Richmond","Richmond City","760",1029,191,0,13,1029,191,0,13,7,13,0,13,978,178,95.0437317784257,0,13,0,13,0,13,1,4,0,13,0,13,0,13,0,13
"51760030200","Census Tract 302, Richmond city, Virginia","Richmond","Richmond City","760",1164,245,252,138,912,218,75,49,461,230,173,133,430,125,47.1491228070175,0,13,0,13,0,13,18,19,0,13,0,13,4,7,10,15
"51760030501","Census Tract 305.01, Richmond city, Virginia","Richmond","Richmond City","760",1224,167,19,27,1205,166,0,13,805,155,0,13,96,88,7.96680497925311,0,13,21,36,19,27,93,55,0,13,0,13,0,13,72,61
"51760030502","Census Tract 305.02, Richmond city, Virginia","Richmond","Richmond City","760",1465,278,137,78,1328,282,117,78,931,253,20,31,240,164,18.0722891566265,0,13,0,13,0,13,83,52,0,13,0,13,0,13,45,36
"51760040201","Census Tract 402.01, Richmond city, Virginia","Richmond","Richmond City","760",558,82,170,42,388,80,33,27,219,75,113,45,133,74,34.2783505154639,0,13,0,13,9,23,2,5,0,13,0,13,5,10,12,14
"51760040202","Census Tract 402.02, Richmond city, Virginia","Richmond","Richmond City","760",1191,130,57,35,1134,123,21,21,970,120,27,27,142,75,12.5220458553792,0,13,0,13,9,14,9,10,0,13,0,13,4,6,33,23
"51760040300","Census Tract 403, Richmond city, Virginia","Richmond","Richmond City","760",324,52,82,38,242,48,82,38,132,42,0,13,39,38,16.1157024793388,0,13,7,12,0,13,31,29,0,13,0,13,0,13,14,15
"51760040400","Census Tract 404, Richmond city, Virginia","Richmond","Richmond City","760",1558,245,533,178,1025,188,517,179,742,161,12,19,252,117,24.5853658536585,0,13,0,13,4,7,2,7,0,13,0,13,0,13,57,48
"51760040500","Census Tract 405, Richmond city, Virginia","Richmond","Richmond City","760",1660,227,638,182,1022,184,612,176,834,173,14,22,71,42,6.94716242661448,0,13,0,13,0,13,26,25,0,13,0,13,0,13,71,50
"51760040600","Census Tract 406, Richmond city, Virginia","Richmond","Richmond City","760",885,143,108,49,777,139,108,49,622,121,0,13,74,49,9.52380952380952,0,13,0,13,0,13,81,69,0,13,0,13,7,9,20,22
"51760040700","Census Tract 407, Richmond city, Virginia","Richmond","Richmond City","760",1256,137,474,76,782,130,440,71,610,111,7,12,31,22,3.96419437340153,0,13,0,13,11,21,25,36,0,13,0,13,0,13,67,65
"51760040800","Census Tract 408, Richmond city, Virginia","Richmond","Richmond City","760",715,68,362,62,353,56,338,56,310,56,0,13,6,10,1.69971671388102,0,13,3,5,17,25,6,8,0,13,0,13,0,13,31,27
"51760040900","Census Tract 409, Richmond city, Virginia","Richmond","Richmond City","760",1216,138,454,87,762,137,409,87,692,138,24,24,49,50,6.43044619422572,0,13,0,13,10,19,0,13,0,13,0,13,17,16,3,6
"51760041000","Census Tract 410, Richmond city, Virginia","Richmond","Richmond City","760",1104,123,649,95,455,96,597,83,389,85,0,13,40,30,8.79120879120879,0,13,0,13,5,9,21,25,0,13,0,13,37,51,5,7
"51760041100","Census Tract 411, Richmond city, Virginia","Richmond","Richmond City","760",1513,147,340,89,1173,151,304,84,951,149,12,20,163,79,13.8959931798806,0,13,0,13,24,33,9,10,0,13,0,13,0,13,63,31
"51760041200","Census Tract 412, Richmond city, Virginia","Richmond","Richmond City","760",457,62,162,37,295,61,158,37,254,63,0,13,20,32,6.77966101694915,0,13,0,13,4,6,8,16,0,13,0,13,3,5,26,23
"51760041300","Census Tract 413, Richmond city, Virginia","Richmond","Richmond City","760",1211,201,628,137,583,165,185,73,210,114,427,136,348,126,59.6912521440823,0,13,0,13,16,13,2,3,0,13,0,13,0,13,4,6
"51760041400","Census Tract 414, Richmond city, Virginia","Richmond","Richmond City","760",898,91,572,100,326,69,296,70,202,52,257,61,99,43,30.3680981595092,0,13,0,13,4,6,10,15,0,13,0,13,6,7,7,8
"51760041600","Census Tract 416, Richmond city, Virginia","Richmond","Richmond City","760",606,65,553,70,53,28,401,70,25,18,142,30,24,21,45.2830188679245,0,13,0,13,7,11,4,7,0,13,0,13,0,13,0,13
"51760050100","Census Tract 501, Richmond city, Virginia","Richmond","Richmond City","760",1686,221,763,103,923,221,720,101,686,202,30,30,189,93,20.4767063921994,0,13,0,13,9,15,25,29,0,13,0,13,0,13,11,20
"51760050200","Census Tract 502, Richmond city, Virginia","Richmond","Richmond City","760",1375,160,1169,150,206,73,1133,154,191,65,0,13,0,13,0,0,13,0,13,7,11,0,13,0,13,0,13,9,14,24,37
"51760050300","Census Tract 503, Richmond city, Virginia","Richmond","Richmond City","760",849,133,410,82,439,123,389,79,437,124,0,13,0,13,0,0,13,0,13,18,25,2,5,0,13,0,13,4,7,0,13
"51065020101","Census Tract 201.01, Fluvanna County, Virginia","Charlottesville","Fluvanna","065",1969,229,1668,229,301,128,1493,231,178,76,152,63,121,97,40.1993355481728,0,18,0,18,17,19,0,18,0,18,0,18,13,20,2,5
"51065020103","Census Tract 201.03, Fluvanna County, Virginia","Charlottesville","Fluvanna","065",1451,216,1207,226,244,136,1085,216,216,124,111,92,11,20,4.50819672131148,0,13,0,13,0,13,0,13,0,13,0,13,0,13,2,4
"51065020104","Census Tract 201.04, Fluvanna County, Virginia","Charlottesville","Fluvanna","065",2428,161,2233,194,195,106,2080,195,195,106,99,30,0,18,0,0,18,0,18,0,18,0,18,0,18,0,18,22,40,0,18
"51760050400","Census Tract 504, Richmond city, Virginia","Richmond","Richmond City","760",1295,207,1101,137,194,148,1045,140,100,53,28,36,88,141,45.360824742268,0,13,0,13,22,26,0,13,0,13,0,13,6,9,0,13
"51760050500","Census Tract 505, Richmond city, Virginia","Richmond","Richmond City","760",1265,171,1176,169,89,55,1166,168,78,51,10,17,0,18,0,0,18,11,18,0,18,0,18,0,18,0,18,0,18,0,18
"51760050600","Census Tract 506, Richmond city, Virginia","Richmond","Richmond City","760",1247,192,1219,194,28,19,1136,191,28,19,6,10,0,13,0,0,13,0,13,36,38,0,13,0,13,0,13,13,11,0,13
"51760060200","Census Tract 602, Richmond city, Virginia","Richmond","Richmond City","760",842,143,320,95,522,137,52,37,63,38,268,87,426,134,81.6091954022989,0,13,0,13,0,13,0,13,0,13,0,13,0,13,11,13
"51760060400","Census Tract 604, Richmond city, Virginia","Richmond","Richmond City","760",1796,393,917,383,879,204,221,82,218,143,663,369,618,213,70.3071672354949,0,18,0,18,0,18,0,18,0,18,0,18,31,50,31,46
"51760060501","Census Tract 605.01, Richmond city, Virginia","Richmond","Richmond City","760",714,158,470,126,244,126,364,112,148,90,85,55,60,94,24.5901639344262,0,13,0,13,0,13,23,25,0,13,0,13,0,13,13,21
"51760060502","Census Tract 605.02, Richmond city, Virginia","Richmond","Richmond City","760",1986,300,775,186,1211,244,704,180,422,141,61,73,744,209,61.4368290668869,0,13,0,13,0,13,0,13,0,13,0,13,10,16,0,13
"51760060600","Census Tract 606, Richmond city, Virginia","Richmond","Richmond City","760",1182,124,994,126,188,79,960,129,182,79,24,28,6,9,3.19148936170213,0,13,0,13,10,17,0,13,0,13,0,13,0,13,0,13
"51760060700","Census Tract 607, Richmond city, Virginia","Richmond","Richmond City","760",1823,166,550,149,1273,150,133,66,95,66,341,121,1058,158,83.1107619795758,8,16,0,18,0,18,0,18,0,18,0,18,5,13,73,69
"51760060800","Census Tract 608, Richmond city, Virginia","Richmond","Richmond City","760",1072,138,292,115,780,138,67,48,196,67,210,106,530,124,67.948717948718,0,13,0,13,15,19,0,13,0,13,0,13,0,13,190,63
"51760060900","Census Tract 609, Richmond city, Virginia","Richmond","Richmond City","760",433,107,63,29,370,103,28,20,158,59,19,20,147,81,39.7297297297297,0,13,0,13,9,13,0,13,0,13,0,13,0,13,121,64
"51760061001","Census Tract 610.01, Richmond city, Virginia","Richmond","Richmond City","760",1375,223,470,202,905,234,226,162,237,145,236,123,597,174,65.9668508287293,0,13,0,13,0,13,10,18,0,13,0,13,8,15,0,13
"51760061002","Census Tract 610.02, Richmond city, Virginia","Richmond","Richmond City","760",2057,429,90,100,1967,415,90,100,1091,306,0,13,748,329,38.0274529740722,0,13,0,13,0,13,22,17,0,13,0,13,0,13,50,40
"51760070100","Census Tract 701, Richmond city, Virginia","Richmond","Richmond City","760",2631,304,1922,319,709,143,1678,310,633,147,217,97,43,55,6.06488011283498,0,18,0,18,20,30,33,39,0,18,0,18,0,18,0,18
"51760070300","Census Tract 703, Richmond city, Virginia","Richmond","Richmond City","760",1342,166,731,149,611,137,640,134,203,91,91,58,344,112,56.3011456628478,0,13,0,13,0,13,4,6,0,13,0,13,15,26,0,13
"51760070400","Census Tract 704, Richmond city, Virginia","Richmond","Richmond City","760",1779,163,1459,176,320,105,1252,182,224,88,136,64,96,68,30,0,13,0,13,71,54,0,13,0,13,0,13,20,18,0,13
"51760070601","Census Tract 706.01, Richmond city, Virginia","Richmond","Richmond City","760",1834,273,661,217,1173,175,93,53,461,114,391,144,479,169,40.8354646206309,0,18,20,29,0,18,74,96,0,18,0,18,192,178,543,122
"51760070602","Census Tract 706.02, Richmond city, Virginia","Richmond","Richmond City","760",768,124,465,119,303,77,155,111,86,36,270,56,171,56,56.4356435643564,0,13,0,13,0,13,19,17,0,13,0,13,17,18,94,45
"51760070700","Census Tract 707, Richmond city, Virginia","Richmond","Richmond City","760",2130,261,1245,235,885,185,239,88,221,72,940,231,516,160,58.3050847457627,0,18,0,18,18,19,0,18,0,18,0,18,23,28,285,123
"51760070802","Census Tract 708.02, Richmond city, Virginia","Richmond","Richmond City","760",822,114,506,129,316,114,197,69,110,65,248,113,133,90,42.0886075949367,0,13,0,13,0,13,39,51,0,13,0,13,41,28,74,45
"51760070803","Census Tract 708.03, Richmond city, Virginia","Richmond","Richmond City","760",1667,215,758,137,909,216,157,101,222,108,501,135,572,218,62.9262926292629,0,13,50,56,0,13,0,13,0,13,0,13,105,56,96,72
"51760070804","Census Tract 708.04, Richmond city, Virginia","Richmond","Richmond City","760",1094,133,884,174,210,102,160,104,97,64,691,137,113,104,53.8095238095238,12,19,0,13,0,13,0,13,0,13,0,13,12,19,30,22
"51760070901","Census Tract 709.01, Richmond city, Virginia","Richmond","Richmond City","760",1600,332,704,324,896,238,83,52,245,131,621,314,497,192,55.46875,0,18,0,18,0,18,0,18,0,18,0,18,0,18,261,121
"51760070902","Census Tract 709.02, Richmond city, Virginia","Richmond","Richmond City","760",1100,201,318,166,782,168,85,71,101,89,233,153,681,184,87.0843989769821,0,13,0,13,0,13,0,13,0,13,0,13,0,13,20,32
"51760071002","Census Tract 710.02, Richmond city, Virginia","Richmond","Richmond City","760",1449,182,698,186,751,137,336,150,157,59,294,102,495,134,65.9121171770972,0,13,20,30,24,29,58,53,0,13,0,13,66,124,6,9
"51760071003","Census Tract 710.03, Richmond city, Virginia","Richmond","Richmond City","760",1353,250,376,151,977,262,101,88,309,149,275,126,661,233,67.6560900716479,0,13,0,13,0,13,7,11,0,13,0,13,0,13,17,28
"51760071004","Census Tract 710.04, Richmond city, Virginia","Richmond","Richmond City","760",695,116,0,13,695,116,0,13,57,54,0,13,552,122,79.4244604316547,0,13,0,13,0,13,5,20,0,13,0,13,0,13,32,51
"51760071100","Census Tract 711, Richmond city, Virginia","Richmond","Richmond City","760",2768,324,1127,181,1641,344,876,161,778,321,203,95,697,189,42.4741011578306,35,58,11,19,0,18,54,59,0,18,0,18,48,62,11,19
"51065020200","Census Tract 202, Fluvanna County, Virginia","Charlottesville","Fluvanna","065",2017,212,1483,195,534,193,1084,169,424,184,343,146,110,85,20.5992509363296,0,13,0,13,0,13,0,13,0,13,0,13,11,17,40,58
"51065020300","Census Tract 203, Fluvanna County, Virginia","Charlottesville","Fluvanna","065",2102,241,1624,246,478,172,1488,227,334,124,90,57,138,132,28.8702928870293,0,18,0,18,0,18,0,18,0,18,0,18,4,10,35,52
"51003010100","Census Tract 101, Albemarle County, Virginia","Charlottesville","Albemarle","003",1988,279,1655,272,333,142,1587,279,333,142,68,67,0,13,0,0,13,0,13,0,13,0,13,0,13,0,13,0,13,0,13
"51003010201","Census Tract 102.01, Albemarle County, Virginia","Charlottesville","Albemarle","003",1895,167,1701,192,194,96,1512,168,190,97,105,60,0,18,0,14,22,1,3,15,14,3,6,0,18,0,18,31,27,0,18
"51003010202","Census Tract 102.02, Albemarle County, Virginia","Charlottesville","Albemarle","003",1165,125,1037,121,128,63,1006,129,108,55,0,13,6,11,4.6875,0,13,0,13,5,10,0,13,0,13,0,13,46,43,0,13
"51003010301","Census Tract 103.01, Albemarle County, Virginia","Charlottesville","Albemarle","003",637,119,528,130,109,57,446,127,97,56,47,50,0,13,0,0,13,0,13,19,23,12,22,0,13,0,13,3,7,0,13
"51003010302","Census Tract 103.02, Albemarle County, Virginia","Charlottesville","Albemarle","003",413,38,315,67,98,56,298,68,85,58,17,28,0,13,0,0,13,0,13,0,13,0,13,0,13,0,13,13,25,13,16
"51003010303","Census Tract 103.03, Albemarle County, Virginia","Charlottesville","Albemarle","003",2061,174,1624,171,437,102,1437,169,392,101,40,35,10,18,2.2883295194508,0,18,0,18,96,61,19,24,0,18,0,18,164,108,27,40
"51003010401","Census Tract 104.01, Albemarle County, Virginia","Charlottesville","Albemarle","003",1903,301,1442,308,461,139,1294,308,351,117,116,100,110,88,23.8611713665944,0,13,0,13,0,13,0,13,0,13,0,13,19,29,0,13
"51003010402","Census Tract 104.02, Albemarle County, Virginia","Charlottesville","Albemarle","003",1385,164,1189,140,196,119,1078,152,163,111,0,13,32,44,16.3265306122449,15,25,0,13,39,39,0,13,0,13,0,13,17,26,0,13
"51003010501","Census Tract 105.01, Albemarle County, Virginia","Charlottesville","Albemarle","003",1054,192,883,191,171,97,684,154,171,97,84,88,0,13,0,0,13,0,13,94,105,0,13,0,13,0,13,0,13,56,64
"51003010502","Census Tract 105.02, Albemarle County, Virginia","Charlottesville","Albemarle","003",1899,231,505,157,1394,283,437,141,990,219,52,70,367,265,26.3271162123386,0,13,21,34,16,26,16,22,0,13,0,13,0,13,0,13
"51003010602","Census Tract 106.02, Albemarle County, Virginia","Charlottesville","Albemarle","003",2092,259,1373,236,719,160,1216,213,641,165,125,98,49,39,6.81502086230876,0,13,0,13,13,17,6,11,0,13,0,13,26,32,58,44
"51003010603","Census Tract 106.03, Albemarle County, Virginia","Charlottesville","Albemarle","003",1206,296,425,260,781,233,367,259,669,242,53,46,63,55,8.06658130601793,0,13,0,13,0,13,49,53,0,13,0,13,0,13,37,43
"51079030101","Census Tract 301.01, Greene County, Virginia","Charlottesville","Greene","079",1522,152,1213,157,309,95,1110,158,231,78,65,57,69,56,22.3300970873786,0,13,0,13,0,13,0,13,0,13,0,13,50,52,11,24
"51079030102","Census Tract 301.02, Greene County, Virginia","Charlottesville","Greene","079",1880,200,1572,226,308,144,1414,199,273,142,140,117,0,18,0,0,18,0,18,0,18,35,27,0,18,0,18,0,18,18,26
"51079030201","Census Tract 302.01, Greene County, Virginia","Charlottesville","Greene","079",2675,222,2135,214,540,138,1620,213,463,128,378,100,0,18,0,21,31,0,18,66,49,5,10,0,18,0,18,219,61,42,39
"51079030202","Census Tract 302.02, Greene County, Virginia","Charlottesville","Greene","079",1414,200,1141,218,273,130,1083,221,259,129,33,38,14,22,5.12820512820513,0,13,0,13,17,23,0,13,0,13,0,13,0,13,0,13
"51003010604","Census Tract 106.04, Albemarle County, Virginia","Charlottesville","Albemarle","003",1630,201,1053,195,577,135,876,189,345,105,113,106,148,74,25.6499133448873,0,13,0,13,50,45,59,72,0,13,0,13,14,22,20,32
"51003010701","Census Tract 107.01, Albemarle County, Virginia","Charlottesville","Albemarle","003",1370,329,259,102,1111,331,130,84,740,302,33,40,234,141,21.0621062106211,0,13,17,27,89,76,82,63,0,13,0,13,0,13,40,40
"51003010702","Census Tract 107.02, Albemarle County, Virginia","Charlottesville","Albemarle","003",1497,165,661,184,836,204,481,150,596,174,149,119,134,118,16.0287081339713,0,13,7,22,17,27,10,19,0,13,0,13,25,40,138,74
"51003010801","Census Tract 108.01, Albemarle County, Virginia","Charlottesville","Albemarle","003",1510,185,509,129,1001,175,416,90,711,167,76,101,175,116,17.4825174825175,0,13,0,13,17,24,98,68,0,13,0,13,0,13,86,52
"51003010802","Census Tract 108.02, Albemarle County, Virginia","Charlottesville","Albemarle","003",983,139,366,114,617,146,308,104,404,144,52,64,175,159,28.3630470016207,0,13,0,13,6,12,9,16,0,13,21,28,29,48,73,99
"51003010901","Census Tract 109.01, Albemarle County, Virginia","Charlottesville","Albemarle","003",740,127,171,55,569,112,137,39,479,107,27,46,4,9,0.70298769771529,0,13,5,9,7,11,47,28,0,13,0,13,0,13,19,15
"51003010904","Census Tract 109.04, Albemarle County, Virginia","Charlottesville","Albemarle","003",537,115,50,31,487,111,44,35,339,85,0,18,8,12,1.64271047227926,0,18,0,18,6,9,71,34,0,18,0,18,0,18,124,64
"51003011000","Census Tract 110, Albemarle County, Virginia","Charlottesville","Albemarle","003",2602,353,2310,350,292,114,2248,355,264,104,0,18,15,24,5.13698630136986,13,26,0,18,34,35,13,20,0,18,0,18,0,18,20,30
"51003011101","Census Tract 111.01, Albemarle County, Virginia","Charlottesville","Albemarle","003",806,147,671,147,135,78,656,149,135,78,10,16,0,13,0,0,13,0,13,5,8,0,13,0,13,0,13,0,13,0,13
"51003011102","Census Tract 111.02, Albemarle County, Virginia","Charlottesville","Albemarle","003",1040,192,853,143,187,164,804,147,187,164,12,21,0,13,0,0,13,0,13,13,20,0,13,0,13,0,13,20,62,0,13
"51003011103","Census Tract 111.03, Albemarle County, Virginia","Charlottesville","Albemarle","003",1454,152,1083,154,371,132,1015,144,351,127,0,13,20,37,5.39083557951483,0,13,0,13,57,60,0,13,0,13,0,13,42,39,0,13
"51003011201","Census Tract 112.01, Albemarle County, Virginia","Charlottesville","Albemarle","003",1734,210,1351,210,383,102,1261,226,366,103,56,56,0,13,0,0,13,5,11,0,13,0,13,0,13,0,13,10,17,36,38
"51003011202","Census Tract 112.02, Albemarle County, Virginia","Charlottesville","Albemarle","003",1424,173,1259,170,165,56,1112,166,152,58,67,49,0,13,0,0,13,6,10,68,37,7,12,0,13,0,13,38,31,8,10
"51003011301","Census Tract 113.01, Albemarle County, Virginia","Charlottesville","Albemarle","003",2152,234,1648,233,504,160,1466,221,479,153,44,48,25,49,4.96031746031746,0,18,0,18,98,62,0,18,0,18,0,18,64,70,36,57
"51003011302","Census Tract 113.02, Albemarle County, Virginia","Charlottesville","Albemarle","003",1666,215,385,116,1281,210,275,94,965,169,57,43,114,90,8.89929742388759,0,13,0,13,0,13,134,145,0,13,0,13,136,77,130,69
"51003011303","Census Tract 113.03, Albemarle County, Virginia","Charlottesville","Albemarle","003",1613,175,793,140,820,142,739,140,608,107,0,13,151,94,18.4146341463415,0,13,0,13,33,21,41,35,0,13,0,13,21,31,56,49
"51003011400","Census Tract 114, Albemarle County, Virginia","Charlottesville","Albemarle","003",1925,208,1526,227,399,107,1116,162,322,101,399,141,75,52,18.796992481203,0,18,0,18,0,18,0,18,0,18,0,18,19,24,13,21
"51087200106","Census Tract 2001.06, Henrico County, Virginia","Richmond","Henrico County","087",1890,207,781,133,1109,185,688,121,677,165,8,16,254,84,22.9035166816952,0,13,0,13,85,61,69,57,0,13,0,13,4,18,170,99
"51087200108","Census Tract 2001.08, Henrico County, Virginia","Richmond","Henrico County","087",974,120,942,120,32,31,919,118,27,30,0,13,0,13,0,0,13,0,13,23,21,0,13,0,13,5,7,11,12,0,13
"51087200109","Census Tract 2001.09, Henrico County, Virginia","Richmond","Henrico County","087",1379,220,1350,218,29,27,1300,218,29,27,36,36,0,13,0,0,13,0,13,0,13,0,13,0,13,0,13,14,21,0,13
"51087200122","Census Tract 2001.22, Henrico County, Virginia","Richmond","Henrico County","087",1627,130,1408,144,219,101,1133,134,210,95,84,49,9,22,4.10958904109589,0,13,0,13,183,62,0,13,0,13,0,13,57,65,0,13
"51087200123","Census Tract 2001.23, Henrico County, Virginia","Richmond","Henrico County","087",1474,174,672,102,802,186,599,98,380,157,45,47,273,110,34.0399002493766,0,13,0,13,6,10,40,65,0,13,0,13,22,33,148,82
"51087200124","Census Tract 2001.24, Henrico County, Virginia","Richmond","Henrico County","087",2058,246,1370,158,688,238,1225,148,463,94,120,68,60,47,8.72093023255814,0,18,0,18,18,20,17,29,0,18,0,18,24,26,137,194
"51087200125","Census Tract 2001.25, Henrico County, Virginia","Richmond","Henrico County","087",1608,148,244,57,1364,156,178,54,494,109,38,32,311,108,22.8005865102639,0,13,17,31,28,24,469,118,0,13,0,13,0,13,40,38
"51087200126","Census Tract 2001.26, Henrico County, Virginia","Richmond","Henrico County","087",1991,190,182,100,1809,219,93,77,915,200,0,13,388,124,21.4483139856274,0,13,24,42,31,29,390,158,0,13,0,13,0,13,163,112
"51087200127","Census Tract 2001.27, Henrico County, Virginia","Richmond","Henrico County","087",2303,217,1572,228,731,152,1386,217,539,133,94,92,84,73,11.4911080711354,0,18,0,18,77,50,88,57,0,18,0,18,4,9,27,36
"51087200131","Census Tract 2001.31, Henrico County, Virginia","Richmond","Henrico County","087",872,82,412,88,460,102,412,88,279,106,0,13,59,77,12.8260869565217,0,13,0,13,0,13,107,85,0,13,0,13,0,13,0,13
"51087200132","Census Tract 2001.32, Henrico County, Virginia","Richmond","Henrico County","087",1465,215,744,151,721,242,732,150,554,181,0,13,14,22,1.94174757281553,0,13,8,17,0,13,108,143,0,13,0,13,62,77,78,62
"51087200133","Census Tract 2001.33, Henrico County, Virginia","Richmond","Henrico County","087",1125,182,364,101,761,194,314,99,446,170,0,13,291,153,38.2391590013141,0,13,0,13,40,45,24,31,0,13,0,13,13,26,0,13
"51087200134","Census Tract 2001.34, Henrico County, Virginia","Richmond","Henrico County","087",1945,278,1590,278,355,119,1528,277,158,93,34,39,87,56,24.5070422535211,0,18,0,18,27,27,35,57,0,18,0,18,23,36,13,22
"51087200135","Census Tract 2001.35, Henrico County, Virginia","Richmond","Henrico County","087",775,118,536,83,239,111,525,84,141,105,0,13,13,29,5.43933054393306,0,13,0,13,11,19,35,28,0,13,0,13,0,13,16,26
"51087200136","Census Tract 2001.36, Henrico County, Virginia","Richmond","Henrico County","087",1500,249,496,137,1004,291,478,134,697,159,5,10,204,241,20.3187250996016,0,13,0,13,13,21,46,70,0,13,0,13,0,13,57,89
"51087200137","Census Tract 2001.37, Henrico County, Virginia","Richmond","Henrico County","087",879,106,641,111,238,99,641,111,148,77,0,13,71,69,29.8319327731092,0,13,0,13,0,13,0,13,0,13,0,13,16,26,0,13
"51087200138","Census Tract 2001.38, Henrico County, Virginia","Richmond","Henrico County","087",1759,381,1508,373,251,131,1168,158,160,80,319,338,78,101,31.0756972111554,0,13,0,13,21,33,13,24,0,13,0,13,0,13,0,13
"51087200139","Census Tract 2001.39, Henrico County, Virginia","Richmond","Henrico County","087",1886,214,1196,136,690,235,918,141,466,193,58,89,62,76,8.98550724637681,0,13,0,13,110,81,77,52,0,13,0,13,77,120,15,24
"51087200140","Census Tract 2001.40, Henrico County, Virginia","Richmond","Henrico County","087",1533,250,1005,219,528,152,893,219,259,112,35,38,132,118,25,0,13,0,13,77,41,125,93,0,13,0,13,13,21,0,13
"51087200141","Census Tract 2001.41, Henrico County, Virginia","Richmond","Henrico County","087",1214,198,654,154,560,133,444,80,230,74,0,13,63,99,11.25,0,13,0,13,175,145,258,125,0,13,0,13,0,13,0,13
"51087200142","Census Tract 2001.42, Henrico County, Virginia","Richmond","Henrico County","087",1488,140,1096,163,392,106,1008,183,244,98,0,13,0,13,0,0,13,0,13,53,43,148,88,0,13,0,13,13,24,0,13
"51087200143","Census Tract 2001.43, Henrico County, Virginia","Richmond","Henrico County","087",748,54,748,54,0,13,591,78,0,13,77,75,0,13,NA,0,13,0,13,67,60,0,13,0,13,0,13,5,24,0,13
"51087200144","Census Tract 2001.44, Henrico County, Virginia","Richmond","Henrico County","087",1683,405,427,237,1256,333,212,82,393,141,166,223,364,313,28.9808917197452,0,13,0,13,49,45,478,197,0,13,0,13,37,43,0,13
"51087200145","Census Tract 2001.45, Henrico County, Virginia","Richmond","Henrico County","087",1316,201,1279,188,37,63,931,147,37,63,33,29,0,13,0,0,13,0,13,299,133,0,13,0,13,0,13,18,30,0,13
"51087200146","Census Tract 2001.46, Henrico County, Virginia","Richmond","Henrico County","087",1198,149,848,84,350,133,707,82,140,57,16,25,168,139,48,0,13,0,13,99,35,42,42,0,13,0,13,0,13,0,13
"51087200147","Census Tract 2001.47, Henrico County, Virginia","Richmond","Henrico County","087",2288,418,1932,397,356,132,1127,368,285,118,0,18,45,58,12.6404494382022,0,18,0,18,755,177,26,42,0,18,0,18,0,18,0,18
"51087200148","Census Tract 2001.48, Henrico County, Virginia","Richmond","Henrico County","087",1496,178,996,253,500,192,578,181,337,184,0,13,23,38,4.6,0,13,0,13,418,157,140,100,0,13,0,13,29,49,111,125
"51087200149","Census Tract 2001.49, Henrico County, Virginia","Richmond","Henrico County","087",1870,295,1195,209,675,253,653,159,589,256,29,45,23,38,3.40740740740741,0,13,0,13,459,148,40,41,0,13,0,13,71,79,0,13
"51087200150","Census Tract 2001.50, Henrico County, Virginia","Richmond","Henrico County","087",1275,106,1189,123,86,69,630,102,86,69,57,50,0,13,0,0,13,0,13,479,113,0,13,0,13,0,13,0,13,0,13
"51087200151","Census Tract 2001.51, Henrico County, Virginia","Richmond","Henrico County","087",2445,346,1163,253,1282,271,933,255,632,171,38,35,443,260,34.5553822152886,0,18,16,26,170,84,140,81,0,18,0,18,13,25,125,89
"51087200152","Census Tract 2001.52, Henrico County, Virginia","Richmond","Henrico County","087",1304,385,1007,393,297,91,963,389,237,82,18,30,60,64,20.2020202020202,0,13,0,13,0,13,0,13,0,13,0,13,43,50,13,22
"51087200153","Census Tract 2001.53, Henrico County, Virginia","Richmond","Henrico County","087",1328,200,512,98,816,221,510,93,387,206,0,13,150,80,18.3823529411765,0,13,0,13,2,17,65,74,0,13,0,13,35,57,168,113
"51087200201","Census Tract 2002.01, Henrico County, Virginia","Richmond","Henrico County","087",1240,215,1061,223,179,82,890,153,116,55,20,20,56,62,31.2849162011173,0,13,0,13,16,19,7,11,0,13,0,13,21,23,0,13
"51087200202","Census Tract 2002.02, Henrico County, Virginia","Richmond","Henrico County","087",1453,153,1398,162,55,40,1398,162,55,40,0,13,0,13,0,0,13,0,13,0,13,0,13,0,13,0,13,0,13,0,13
"51087200301","Census Tract 2003.01, Henrico County, Virginia","Richmond","Henrico County","087",741,136,571,130,170,50,517,130,125,41,27,27,7,11,4.11764705882353,2,5,0,13,25,17,19,16,0,13,0,13,0,13,0,13
"51087200302","Census Tract 2003.02, Henrico County, Virginia","Richmond","Henrico County","087",1405,192,994,195,411,104,898,203,350,94,11,15,0,13,0,30,32,0,13,55,40,52,44,0,13,0,13,0,13,33,48
"51087200303","Census Tract 2003.03, Henrico County, Virginia","Richmond","Henrico County","087",1287,118,597,120,690,132,475,110,454,118,42,47,148,85,21.4492753623188,0,13,0,13,59,42,67,56,0,13,0,13,52,67,133,94
"51087200305","Census Tract 2003.05, Henrico County, Virginia","Richmond","Henrico County","087",1849,402,1251,368,598,155,1065,360,275,103,54,45,166,124,27.7591973244147,10,18,0,13,87,45,50,39,0,13,0,13,31,32,157,93
"51087200404","Census Tract 2004.04, Henrico County, Virginia","Richmond","Henrico County","087",1214,216,618,115,596,187,537,111,340,183,36,31,174,72,29.1946308724832,0,13,0,13,30,36,21,25,0,13,0,13,30,35,87,65
"51087200407","Census Tract 2004.07, Henrico County, Virginia","Richmond","Henrico County","087",2074,277,1146,215,928,203,928,227,511,162,85,72,288,135,31.0344827586207,0,18,0,18,122,62,129,85,0,18,0,18,11,19,94,114
"51087200409","Census Tract 2004.09, Henrico County, Virginia","Richmond","Henrico County","087",714,90,373,70,341,102,266,77,190,83,42,28,96,63,28.1524926686217,0,13,0,13,50,34,2,6,0,13,0,13,11,17,113,64
"51087200411","Census Tract 2004.11, Henrico County, Virginia","Richmond","Henrico County","087",2320,253,813,182,1507,261,568,151,534,153,166,99,722,166,47.9097544790975,0,13,0,13,58,82,71,58,0,13,0,13,63,67,154,124
"51087200412","Census Tract 2004.12, Henrico County, Virginia","Richmond","Henrico County","087",1004,143,18,14,986,142,18,14,327,79,0,13,489,139,49.5943204868154,0,13,0,13,0,13,7,10,0,13,0,13,0,13,175,73
"51087200413","Census Tract 2004.13, Henrico County, Virginia","Richmond","Henrico County","087",1878,163,1788,175,90,66,1493,161,73,66,108,50,10,16,11.1111111111111,0,13,0,13,143,47,0,13,0,13,0,13,31,29,36,55
"51087200414","Census Tract 2004.14, Henrico County, Virginia","Richmond","Henrico County","087",2093,274,1885,278,208,117,1174,269,118,77,269,100,41,63,19.7115384615385,0,18,0,18,381,124,49,56,0,18,0,18,86,86,0,18
"51087200415","Census Tract 2004.15, Henrico County, Virginia","Richmond","Henrico County","087",1497,231,1134,235,363,73,852,234,316,73,161,44,35,36,9.64187327823691,0,13,0,13,121,51,12,19,0,13,0,13,0,13,0,13
"51087200416","Census Tract 2004.16, Henrico County, Virginia","Richmond","Henrico County","087",2335,282,2035,315,300,159,1611,259,212,144,246,100,88,74,29.3333333333333,0,18,0,18,136,110,0,18,0,18,0,18,36,42,0,18
"51087200417","Census Tract 2004.17, Henrico County, Virginia","Richmond","Henrico County","087",1333,352,71,36,1262,354,51,39,713,275,20,24,485,237,38.4310618066561,0,13,0,13,0,13,64,66,0,13,0,13,0,13,54,64
"51087200418","Census Tract 2004.18, Henrico County, Virginia","Richmond","Henrico County","087",1164,181,377,188,787,168,250,177,193,133,121,58,261,185,33.1639135959339,0,13,0,13,0,13,113,115,0,13,0,13,0,13,222,115
"51087200501","Census Tract 2005.01, Henrico County, Virginia","Richmond","Henrico County","087",722,136,378,90,344,122,278,81,122,47,11,11,157,101,45.6395348837209,0,13,0,13,51,53,13,19,0,13,0,13,45,36,78,59
"51087200502","Census Tract 2005.02, Henrico County, Virginia","Richmond","Henrico County","087",863,105,713,105,150,60,609,113,120,52,38,32,26,22,17.3333333333333,0,13,0,13,18,20,0,13,0,13,0,13,55,38,31,23
"51087200503","Census Tract 2005.03, Henrico County, Virginia","Richmond","Henrico County","087",1560,174,1115,174,445,111,852,165,282,93,156,97,130,65,29.2134831460674,0,13,0,13,50,40,7,11,20,32,0,13,0,13,43,39
"51087200600","Census Tract 2006, Henrico County, Virginia","Richmond","Henrico County","087",2414,411,1464,294,950,378,1291,275,552,346,69,62,213,155,22.4210526315789,0,13,0,13,53,53,60,63,0,13,0,13,117,97,128,95
"51087200700","Census Tract 2007, Henrico County, Virginia","Richmond","Henrico County","087",1670,205,644,93,1026,191,591,94,731,185,21,25,270,88,26.3157894736842,0,13,0,13,23,37,9,15,0,13,0,13,31,34,43,56
"51087200801","Census Tract 2008.01, Henrico County, Virginia","Richmond","Henrico County","087",1446,96,852,102,594,113,612,91,315,87,193,76,248,83,41.7508417508418,0,13,0,13,22,27,31,36,0,13,0,13,10,18,38,55
"51087200802","Census Tract 2008.02, Henrico County, Virginia","Richmond","Henrico County","087",848,117,689,120,159,50,474,123,89,41,148,48,49,30,30.8176100628931,0,13,0,13,21,15,0,13,9,16,0,13,37,35,0,13
"51087200805","Census Tract 2008.05, Henrico County, Virginia","Richmond","Henrico County","087",1342,211,561,202,781,146,99,63,69,64,456,199,680,160,87.067861715749,6,12,0,13,0,13,0,13,0,13,0,13,0,13,32,38
"51087200806","Census Tract 2008.06, Henrico County, Virginia","Richmond","Henrico County","087",787,157,630,133,157,110,118,91,20,33,365,115,137,108,87.2611464968153,0,13,0,13,0,13,0,13,0,13,0,13,171,114,0,13
"51087200807","Census Tract 2008.07, Henrico County, Virginia","Richmond","Henrico County","087",1981,237,404,116,1577,243,12,20,171,103,351,119,1303,266,82.6252377932784,41,65,0,13,0,13,0,13,0,13,0,13,0,13,141,111
"51087200904","Census Tract 2009.04, Henrico County, Virginia","Richmond","Henrico County","087",2884,535,2581,540,303,152,1268,545,73,68,1170,216,158,106,52.1452145214521,0,18,0,18,128,103,0,18,0,18,0,18,0,18,0,18
"51087200905","Census Tract 2009.05, Henrico County, Virginia","Richmond","Henrico County","087",2122,320,1634,366,488,165,864,338,173,109,543,148,250,152,51.2295081967213,0,18,0,18,95,74,50,60,0,18,0,18,115,106,0,18
"51087200906","Census Tract 2009.06, Henrico County, Virginia","Richmond","Henrico County","087",1688,179,1468,183,220,89,1061,171,178,85,336,70,35,32,15.9090909090909,0,13,7,14,50,31,0,13,0,13,0,13,25,33,15,27
"51087200907","Census Tract 2009.07, Henrico County, Virginia","Richmond","Henrico County","087",1694,254,1051,204,643,208,880,196,315,109,144,95,307,198,47.7449455676516,0,13,0,13,27,43,21,37,0,13,0,13,29,36,21,32
"51087200908","Census Tract 2009.08, Henrico County, Virginia","Richmond","Henrico County","087",1034,68,551,91,483,72,382,99,141,87,40,41,285,102,59.0062111801242,0,13,0,13,45,37,0,13,0,13,0,13,146,87,57,70
"51087201001","Census Tract 2010.01, Henrico County, Virginia","Richmond","Henrico County","087",2576,261,1756,323,820,211,290,123,122,101,1444,309,685,205,83.5365853658537,0,18,0,18,11,18,13,19,0,18,0,18,24,38,0,18
"51087201002","Census Tract 2010.02, Henrico County, Virginia","Richmond","Henrico County","087",1227,197,806,164,421,147,125,37,83,73,670,169,329,137,78.1472684085511,0,13,0,13,0,13,9,14,0,13,0,13,0,13,0,13
"51087201003","Census Tract 2010.03, Henrico County, Virginia","Richmond","Henrico County","087",2562,349,1880,349,682,203,79,54,12,19,1771,349,584,202,85.6304985337243,0,18,0,18,18,33,6,11,0,18,0,18,12,20,62,57
"51087201102","Census Tract 2011.02, Henrico County, Virginia","Richmond","Henrico County","087",1699,259,734,112,965,234,249,61,202,80,479,108,740,248,76.6839378238342,0,13,0,13,6,11,0,13,0,13,0,13,10,17,44,52
"51087201103","Census Tract 2011.03, Henrico County, Virginia","Richmond","Henrico County","087",1364,140,394,149,970,212,0,13,152,117,381,145,791,242,81.5463917525773,0,13,0,13,13,23,0,13,0,13,0,13,0,13,52,55
"51087201104","Census Tract 2011.04, Henrico County, Virginia","Richmond","Henrico County","087",1513,255,906,247,607,182,108,92,310,148,791,241,297,135,48.9291598023064,0,13,0,13,7,14,0,13,0,13,0,13,28,40,0,13
"51087201203","Census Tract 2012.03, Henrico County, Virginia","Richmond","Henrico County","087",955,94,641,159,314,155,138,86,23,42,499,149,291,158,92.6751592356688,0,13,0,13,0,13,0,13,0,13,0,13,1,2,1,2
"51087201204","Census Tract 2012.04, Henrico County, Virginia","Richmond","Henrico County","087",1612,430,1099,433,513,171,792,445,264,148,286,129,212,106,41.3255360623782,0,13,37,59,0,13,0,13,0,13,0,13,0,13,37,59
"51087201205","Census Tract 2012.05, Henrico County, Virginia","Richmond","Henrico County","087",1451,201,659,203,792,217,252,91,202,83,362,158,569,201,71.8434343434343,0,13,0,13,0,13,0,13,0,13,0,13,0,13,46,55
"51087201206","Census Tract 2012.06, Henrico County, Virginia","Richmond","Henrico County","087",917,129,687,140,230,91,39,38,31,49,632,136,199,86,86.5217391304348,0,13,0,13,0,13,0,13,0,13,0,13,0,13,0,13
"51087201403","Census Tract 2014.03, Henrico County, Virginia","Richmond","Henrico County","087",2236,334,1540,366,696,201,855,248,201,124,672,250,419,165,60.2011494252874,0,18,39,58,0,18,0,18,0,18,0,18,0,18,37,61
"51087201404","Census Tract 2014.04, Henrico County, Virginia","Richmond","Henrico County","087",1830,260,1430,191,400,154,1294,192,231,147,114,70,135,62,33.75,10,16,0,13,0,13,34,54,0,13,0,13,0,13,0,13
"51087201405","Census Tract 2014.05, Henrico County, Virginia","Richmond","Henrico County","087",949,388,949,388,0,13,0,13,0,13,938,388,0,13,NA,0,13,0,13,0,13,0,13,0,13,0,13,0,13,0,13
"51087201406","Census Tract 2014.06, Henrico County, Virginia","Richmond","Henrico County","087",1457,130,424,93,1033,168,353,84,271,133,70,55,732,158,70.8615682478219,0,13,8,16,0,13,12,20,0,13,0,13,1,2,43,76
"51087201502","Census Tract 2015.02, Henrico County, Virginia","Richmond","Henrico County","087",1909,272,1736,257,173,91,858,184,131,75,735,199,42,41,24.2774566473988,23,30,0,18,28,37,0,18,0,18,0,18,51,61,0,18
"51087201503","Census Tract 2015.03, Henrico County, Virginia","Richmond","Henrico County","087",2303,380,1957,406,346,150,492,206,82,53,1390,363,264,140,76.3005780346821,0,18,0,18,0,18,0,18,0,18,0,18,0,18,0,18
"51087201504","Census Tract 2015.04, Henrico County, Virginia","Richmond","Henrico County","087",1624,275,839,235,785,272,235,103,87,63,539,205,698,268,88.9171974522293,0,13,0,13,0,13,0,13,0,13,0,13,86,80,0,13
"51087201601","Census Tract 2016.01, Henrico County, Virginia","Richmond","Henrico County","087",1556,355,1438,356,118,54,911,184,85,48,527,336,25,25,21.1864406779661,0,13,0,13,0,13,0,13,0,13,0,13,63,88,0,13
"51087201602","Census Tract 2016.02, Henrico County, Virginia","Richmond","Henrico County","087",1938,163,1764,177,174,101,1141,171,165,100,592,122,0,18,0,0,18,0,18,0,18,0,18,0,18,0,18,43,50,0,18
"51087201701","Census Tract 2017.01, Henrico County, Virginia","Richmond","Henrico County","087",1404,180,885,180,519,113,714,158,322,96,157,85,179,118,34.4894026974952,0,13,0,13,14,21,0,13,0,13,0,13,9,14,11,18
"51087980100","Census Tract 9801, Henrico County, Virginia","Richmond","Henrico County","087",0,13,0,13,0,13,0,13,0,13,0,13,0,13,NA,0,13,0,13,0,13,0,13,0,13,0,13,0,13,0,13
